review_text,cleaned_text,actual_label,predicted_label,actual_sentiment,predicted_sentiment,is_correct,error_pattern
Menginap Di Vila Hortensia bersama keluarga sekalian mudik. Akses ke lokasi karena pertama kali kesini dialihkan ke jalur yang sangat terjal tidak rekomendasi untuk mobil dengan penggerak mobil Depan. Akses ke lokasi klw malam sangat gelap tidak ada lampu jalan. Pelayanan biasa saja. Telephone kamar rusak jd sulit untuk request sesuatu dikasih nomer wa tp tidak fast response Karena dikaki gunung semua provider sinyal jelek. Wifi dari hotel pun sangat tidak layak untuk hotel bintang 3. Satu2nya nilai plus adalah pemandangan dan suasana yang sejuk,inap vila hortensia keluarga mudik akses kali kesini alih jalur terjal rekomendasi mobil gerak mobil akses klw malam gelap lampu jalan layan telephone kamar rusak jd sulit request kasih nomer wa tp fast response kaki gunung provider sinyal jelek wifi hotel layak hotel bintang 3 satu2nya nilai plus pandang suasana sejuk,0,2,Positif,Negatif,False,Positif ➔ Negatif
"Untuk tarif 50k mending lebih banyak yang lebih kya nya,,ini kolam gak panas warna kya air cucian beras,yang buat berendam air panas mati air nya bau,.boleh harga tinggi apa lg lebaran tp alangkah baik nya di batesin pengunjung nya air nya lebih sering di gant",tarif 50k mending kya nya kolam panas warna kya air cuci beras rendam air panas mati air nya bau harga lg lebaran tp alangkah nya batesin unjung nya air nya gant,0,2,Positif,Negatif,False,Positif ➔ Negatif
Saya pasdulu tahun 2022/2023.ada runtuh di pegunungan Saya pas itu gak tau saya di mesjid di dekat rumah saya terus ada yang Runtu Rutu saya agak aneh udah ningali kenapa jadi gini pas itu Saya asa perasaanku melihat runtuh kenapa saya gak Soak terus saya ningalinya tapi kenapa ada motor saya motor saya kenapa kuat dan udah tubruk sama batu bata tapi kenapa kuat dan gak rusak udah ternyata ada yang anehnya terus saya kenapa gak perasaan gua itu bukan rumah saya yang lain sedih ibu Saya udah itu saya agak Soak terus saya gak masuk karena saya troma sama urukan itu udah itu saya ibu saya di aku panggilin di Deket rumah sekolah SD terus Saya pas itu ibu saya keur jualan udah itu ibu saya gak percaya udah itu Saya ibu Saya nangis banget karena ada yang tadi udah saya omongi itu udah itu saya gak mau lagi di situ udah itu ada yang itu dan lainnya' Saya dan keluarga saya ada yang karunya melihat itu karena udah urukan Saya gak tegak ibu saya udah itu ada pak RT saya udah itu gugup udah itu nangiss,pasdulu 2022 2023 runtuh gunung pas tau mesjid rumah runtu rutu aneh udah ningali gin pas asa asa runtuh soak ningalinya motor motor kuat udah tubruk batu bata kuat rusak udah aneh asa gua rumah sedih udah soak masuk troma uruk udah panggilin deket rumah sekolah sd pas keur jual udah percaya udah nang udah omong udah udah keluarga karu udah uruk tegak udah rt udah gugup udah nangiss,2,0,Negatif,Positif,False,Negatif ➔ Positif
Kalo rasa biasa saja dan entah kebetulan atau gimana Waktu itu kami makan dengab sop iga namun ternyata diluar ekpektasi yang dibayangkan tekstur dagingnya itu di sendok atau di gigit lembut namun ternyata alot sekali Cuma memang banyak pengunjung mengakalinya dengan lauk lain dan nasinya yang banyak dan ternyata ketika bayar dikasir cukup murah makan harganya. Di situ rupanya yang di maksud RM Sugema Raya,gimana makan dengab sop iga luar ekpektasi bayang tekstur daging sendok gigit lembut alot unjung akal lauk nasi bayar kasir murah makan harga maksud rm sugema raya,2,0,Negatif,Positif,False,Negatif ➔ Positif
Lokasi dan tiketing masuk akal. Jaga terus kondisi seperti ini,tiketing masuk akal jaga kondisi,2,0,Negatif,Positif,False,Negatif ➔ Positif
"Produk cukup lengkap. Tempat luas. Pelayanan dari karyawan kurang memuaskan, terutama yg standby di area produk dodol. Mohon bisa dievaluasi dan diberikan pelatihan service excellence.",produk lengkap luas layan karyawan muas standby area produk dodol mohon evaluasi latih service excellence,1,2,Netral,Negatif,False,Netral ➔ Negatif
Penasaran sama makanan nya tapi kenapa harus ada tiket sih? Mana banyak bawa bocil. Cukup sekali kesini.,penasaran makan nya tiket bawa bocil kesini,1,2,Netral,Negatif,False,Netral ➔ Negatif
Makanan nya enak minumannya apa lagi udh ngga diragukan lagi 🎉,makan nya enak minum udh ngga ragu,2,0,Negatif,Positif,False,Negatif ➔ Positif
Pantai Karang Papak tidak kalah indahnya dengan Pangandaran. Hanya masih ada pengunjung yg buang sampah sembarangan karena tidak tersedia tempat sampah sehingga pantai jadi kotor. Mohon disediakan tempat sampah dengan jumlah yg cukup di sepanjang pantai,pantai karang papak kalah indah pangandaran unjung buang sampah sembarang sedia sampah pantai kotor mohon sedia sampah pantai,2,0,Negatif,Positif,False,Negatif ➔ Positif
Pilihan yang tersedia tidak banyak.,pilih sedia,1,2,Netral,Negatif,False,Netral ➔ Negatif
View cakep..food B aja .Cordonblue dingin..dikomplain balik lagi hangat microwave...capek dehhh,view cakep food b cordonblue dingin komplain hangat microwave capek dehhh,1,2,Netral,Negatif,False,Netral ➔ Negatif
"Khusus untuk Bandung, semua produk NU tersedia di toko ini di Bandung, jadi kalau kalian mau belanja di Bandung, harganya tidak mahal. Masih murah di Bandung.",khusus bandung produk nu sedia toko bandung belanja bandung harga mahal murah bandung,0,2,Positif,Negatif,False,Positif ➔ Negatif
"Hari minggu siang crowded.. parkir bs di hotel seberangnya, rasa makanan kurang cocok.. kurang enak ya.. sorry",minggu siang crowded parkir bs hotel seberang makan cocok enak sorry,1,2,Netral,Negatif,False,Netral ➔ Negatif
"Tempatnya kurang nyaman, kolamnya banyak sampah dan kotor... Pesan makan tp keduluan sm saung sebelah yg datengnya belakangan. Ada minuman yg ga dibuatkan sampai selesai makan. Makanannya sich over all enak...",tempat nyaman kolam sampah kotor pesan makan tp keduluan sm saung belah datengnya minum buat selesai makan makan sich over all enak,2,0,Negatif,Positif,False,Negatif ➔ Positif
"Good : Kami pesan ayam goreng, babat goreng, belut goreng dan ikan potong, juga jengkol Semua disatukan dalam satu piring. Untuk rasa ini enak tapi bukan sesuatu yang bikin nagih. Kalau lagi santai dan belum jam makan sepertinya akan menyenangkan makan disini. Need to improve : Karena rame banget, jadi mesennya juga tidak jelas, ada makanan yg gak dateng walaupun udah di reminder. Untuk harga termasuk pricey untuk warung, karena terlalu ramai jadi gak dikasi struk hitungan makanan, kami gak tau harga per makanan berapa. Untuk sekali coba ini menarik tapi untuk balik lagi agak trauma dengan ramai dan bar2 nya pengunjung hehe",good pesan ayam goreng babat goreng belut goreng ikan potong jengkol satu piring enak bikin nagih santai jam makan senang makan need to improve rame mesennya makan dateng udah reminder harga pricey warung ramai kasi struk hitung makan tau harga makan coba tarik trauma ramai bar2 nya unjung hehe,1,2,Netral,Negatif,False,Netral ➔ Negatif
"Pas pertama kali cobain Mie Yamin Manis tu lidah berasa menari nari wkwkw, enakkk. Porsinya gede, Mie Yamin Manis Kobinasi harganya 70rb, itu bisa buat berdua bertiga kayanya, Toppingnya dapet Bakso kecil 2 Biji tapi ini full daging, Siomay full daging, Babat yg lumayan banyak sama pangsit. Kalo yg 1/2 porsi harganya 60rb, Toppingnya sama, inipun masih kebanyakan kayanya. Nunggunya lumayan lama, kebagian sekitar 40 menitan. Makanya ada yg pesen terus pada maen dulu. Atau kalo mau nunggu mending bawa cemilan wkwk. Ini Halal ya, di menunya ada logo halal.",pas kali cobain mie yamin manis tu lidah asa tari nari wkwkw enakkk porsi gede mie yamin manis kobinasi harga 70rb dua tiga kaya toppingnya dapet bakso 2 biji full daging siomay full daging babat lumayan pangsit 1 2 porsi harga 60rb toppingnya ini banyak kaya nunggunya lumayan bagi 40 menit sen maen nunggu mending bawa cemilan wkwk halal menu logo halal,2,0,Negatif,Positif,False,Negatif ➔ Positif
Terimakasih banyak utk bapak penjaga pintu exit yg hari kemarin sudah menegur orang yg merokok dlm ruangan tunggu ( sudah tau banyak anak2 malah seenaknya merokok). …,terimakasih jaga pintu exit kemarin tegur orang rokok dlm ruang tunggu tau anak2 rokok,2,0,Negatif,Positif,False,Negatif ➔ Positif
"Saya pesen mie goreng seafood di sini. Untuk size porsinya saya tidak peduli, cuma ga ngerti aja gitu sama isiannya. Namanya aja seafood, tapi isinya cuma udang kecil dua ekor sama sayuran. Ganti nama menunya jangan mie goreng seafood, tapi mie goreng udang dua ekor. Untuk rasa cukup enak, pelayanan lelet. Kondisi sepi, tapi penyajian makanan buat 3 menu aja hampir sejam. Sisanya untuk tempat bagus.",sen mie goreng seafood size porsi peduli ngerti gitu isi nama seafood isi udang ekor sayur ganti nama menu mie goreng seafood mie goreng udang ekor enak layan lelet kondisi sepi saji makan 3 menu jam sisa bagus,1,0,Netral,Positif,False,Netral ➔ Positif
"Ga direkomendasikan, karena jalannya ancur banget parah, jalan itu ibarat sungai yg surut jadi keliatan semua itu batu batu gede dan aja juga yg berlumpur sangat licin. Sangat berbahaya.",rekomendasi jalan ancur parah jalan sungai surut liat batu batu gede lumpur licin bahaya,0,2,Positif,Negatif,False,Positif ➔ Negatif
Lamaaaaaa...... keburu pingsan ...,lamaaaaaa keburu pingsan,0,2,Positif,Negatif,False,Positif ➔ Negatif
"Mungkin lebih baik di pasang exhaust fan karna di dalem ruangan full asap dan ventilasi sangat buruk, pengap sekali, ya memang konsepnya all you can it tanpa batas waktu tapi dalam hitungan menit saja sudah terasa sangat tidak nyaman, untuk daging terlihat fresh dan chiller sedikit ada aroma kurang enak, semoga lekas ada perbaikan",pasang exhaust fan karna dalem ruang full asap ventilasi buruk pengap konsep all you can it batas hitung menit nyaman daging fresh chiller aroma enak moga lekas baik,0,2,Positif,Negatif,False,Positif ➔ Negatif
"Dari darajat ngikutin google maps dgn perut lapar, ternyata zonk, TUTUP, pdhl infonya BUKA, thanks google maps",darajat ngikutin perut lapar zonk tutup pdhl info buka thanks,2,0,Negatif,Positif,False,Negatif ➔ Positif
"Sudah kesini... Saya kira bakal nemu makanan yang aneh, kaya di Lengkong Bandung... Ternyata makanan Jawa Barat pada umumnya... Agak kecewa sih sengaja ke Garut pengen ke sini malah kesannya B ajh... Beli pempek disini jg, duhh Ampe alot banget🤣 …",kesini nemu makan aneh kaya lengkong bandung makan jawa barat kecewa sengaja ken kesan b ajh beli pempek jg duhh ampe alot,1,0,Netral,Positif,False,Netral ➔ Positif
"Kalian liwat mana sih, bisa nyampe situ...waktu sabtu kmaren ksitu sesuai google map, tapi jalannya jeblog, balik lagi deh😭padahal pantai udah keliatan …",liwat nyampe sabtu kmaren ksitu sesuai map jalan jeblog dehpadahal pantai udah liat,1,2,Netral,Negatif,False,Netral ➔ Negatif
"Pantainya bagus , tapi akses nya ga bagus , trus ada yg Jasa getek yg Viral itu loh ,nah ngetok harga buat turis lokal kek w ,PADAHAL NYEBRANG ke pulau cman 2 menit ,eh byr nya sampe PP 50 Rb ,itu 2 motor ,3 org . POKONYA KAPOK BGT KE SINI ,CUKUP TAU AJA .",pantai bagus akses nya bagus trus jasa getek viral ngetok harga turis lokal kek w nyebrang pulau cman 2 menit eh byr nya sampe pp 50 rb 2 motor 3 org poko kapok tau,0,2,Positif,Negatif,False,Positif ➔ Negatif
"Harga lumayan mahal, kondisi makanan kurang panas",harga lumayan mahal kondisi makan panas,1,0,Netral,Positif,False,Netral ➔ Positif
"Suasananya si enak, tapi pelayanannya aduhhh ngeri bgt, kalo makan siang pas jam lapar kapok deh, keburu udah masuk angin jadi ga selera makan.",suasana si enak layan aduhhh ngeri makan siang pas jam lapar kapok keburu udah masuk angin selera makan,0,2,Positif,Negatif,False,Positif ➔ Negatif
Edan punglinya 45.000 semotor,edan pungli 45 000 motor,0,1,Positif,Netral,False,Positif ➔ Netral
Bagus banget,bagus,1,2,Netral,Negatif,False,Netral ➔ Negatif
Terbengkalaiiiiiii,terbengkalaiiiiiii,0,2,Positif,Negatif,False,Positif ➔ Negatif
banyak pengamen,amen,1,0,Netral,Positif,False,Netral ➔ Positif
"Mau nyoba ksna, dket kayaknya inimh😁 …",nyoba ksna dket kayak inimh,1,2,Netral,Negatif,False,Netral ➔ Negatif
"Pantai nya enak banget views nya, bersih dari sampah, inti nya sesuai banget lah sama ekspektasi. Dan satu hal yg penting *pantai ini bebas dari pungli* Recomended banget.",pantai nya enak views nya bersih sampah inti nya sesuai ekspektasi pantai bebas pungli recomended,2,0,Negatif,Positif,False,Negatif ➔ Positif
"1. Beli Bakwan 25k dapat 4 😂 2. Bilasnya barengan jadi gaada privasi 3. Ketika bilas susah naro barang dimana, simpen di kamar bilas takut ilang 4. akses toilet jauh dari kolam 1. airnya bersih, minim kaporit jdinya gk terlalu bau 2. ada kolam terapi 3. ada bagian kolam yang teduh 4. pemandangannya bagus",1 beli bakwan 25k 4 2 bilas bareng gaada privasi 3 bilas susah naro barang mana simpen kamar bilas takut ilang 4 akses toilet kolam 1 air bersih minim kaporit jdinya bau 2 kolam terapi 3 kolam teduh 4 pandang bagus,1,2,Netral,Negatif,False,Netral ➔ Negatif
Bagus banget,bagus,1,2,Netral,Negatif,False,Netral ➔ Negatif
"makanan nya sih oke banget, tempat nya nyaman juga, cuma dalam pelayanan harus diperbaiki lagi, lebih bagus kalo makanan enak+pelayanan bagus, mslhnya dipelayanan itu saya udh reservasi nasi liwet, tapi begitu saya datang nasi liwet nya habis,itu gmna ceritanya loh,saya udh bayar dp padahal, kecewa bgt serius, trs service buat minuman nya lama, istri saya sampe harus ngomong 2 kali ke pegawainya baru datang tuh minuman, tolong di perbaiki lagi service nya, makanannya udh oke, tinggal service nya di benerin",makan nya oke nya nyaman layan baik bagus makan enak layan bagus mslhnya layan udh reservasi nasi liwet nasi liwet nya habis gmna cerita udh bayar dp kecewa serius trs service minum nya istri sampe ngomong 2 kali pegawai minum tolong baik service nya makan udh oke tinggal service nya benerin,1,0,Netral,Positif,False,Netral ➔ Positif
"Untuk restoran besar pelayanan kurang sekali. Datang ber 9, dikasih menu 1. Menu juga sulit dibaca, urutan tidak diperhatikan, membingungkan yang baca. Rasa makanan standar, gurame telor asin yang ""besar"" ternyata sedang cenderung kecil. Telor asin tidak berasa. Teh tawar harus beli dan rasa pun seperti teh tawar gratisan tidak wangi, tidak sepet. sambel harus beli dan rasa kurang juga. Gong nya adalah, cuci tangan dengan sabun, turun langsung ke kolam ikan. Ikan yang di masak terkontaminasi air sabun, saat ditanya ""jarang ikan yang mati kok"". Cerdas.",restoran layan ber 9 kasih menu 1 menu sulit baca urut perhati bingung baca makan standar gurame telor asin cenderung telor asin asa teh tawar beli teh tawar gratis wangi sepet sambel beli gong nya cuci tangan sabun turun langsung kolam ikan ikan masak kontaminasi air sabun jarang ikan mati cerdas,0,1,Positif,Netral,False,Positif ➔ Netral
"Tempat nyaman, adem, makanan enak². Sayangnya mejanya lengket², saya liatin karyawan yg lap in meja nya ga bersih, padahal sebelumnya banyak sisa² makanan dan tumpahan air, saran aja mending dibersihkannya pakai kanebo dan sering² di bilas biar mejanya ga lengket. Kemaren saya liat lap nya pake lap dapur gitu terus udh kucel ga dibilas². Semoga sukses terus yaa",nyaman adem makan enak sayang meja lengket liatin karyawan lap in meja nya bersih sisa makan tumpah air saran mending bersih pakai kanebo bilas meja lengket kemaren liat lap nya pake lap dapur gitu udh kucel bilas moga sukses yaa,2,1,Negatif,Netral,False,Negatif ➔ Netral
"Mandi air panas di kamar2, masih gak yakin mengandung belerang.., wc nya tidak terjaga kebersihannya...",mandi air panas kamar2 kandung belerang wc nya jaga bersih,1,2,Netral,Negatif,False,Netral ➔ Negatif
tidak ada yang berubah sejak saya datang ke sini hampir 13 tahun yang lalu,ubah 13,0,2,Positif,Negatif,False,Positif ➔ Negatif
"Oiya ini lokasi deket banget dari stasiun garut, terus berada di tengah pasar dan dipinggir rel kereta api. Sudah dipastikan susah buat parkir mobil, untuk parkir motor ada dideket RM nya. Terus alur nya, pilih menu terus ngantri didalam buat pesanan. Sambil nunggu pesanan, yg sulit itu nyari tempat duduk buat makan karna ga beraturan jadi sistem nya siapa cepat dia dapat kursinya. Ternyata eh ternyata, ada dilantai atas buat makan nya juga dan itu lebih enak karna ga seriweh dibawah. Dilantai atas juga enak bisa liat kereta api lebih jelas, ga kehalangan orang lagi nunggu tempat duduk dan ga banyak asap rokok seperti dibawah. Untuk rasa emang enak semua, apalagi dicampur semua lauk. Cuman ya memang agak lumayan harganya, itu harga ayam blm termasuk nasi. Kelar makan baru pembayaran",oiya deket stasiun pasar pinggir rel kereta api susah parkir mobil parkir motor dideket rm nya alur nya pilih menu ngantri dalam pesan nunggu pesan sulit nyari duduk makan karna atur sistem nya cepat kursi eh lantai makan nya enak karna seriweh bawah lantai enak liat kereta api halang orang nunggu duduk asap rokok bawah emang enak campur lauk cuman lumayan harga harga ayam blm nasi kelar makan bayar,2,0,Negatif,Positif,False,Negatif ➔ Positif
Pantainya kotor,pantai kotor,1,0,Netral,Positif,False,Netral ➔ Positif
"Pesen ayam bakar tapi digoreng, kayak ayam kalasan. Makanan enak semuanya, sayang pelayannya sepertinya kelabakan, mungkin kurang orang walau sudah kelihatan banyak pegawainya. Over all enak dan terbilang murah. Catatan, hindari yg dibakar, akan sedikit lama keluar hidangannya.",sen ayam bakar goreng kayak ayam kalas makan enak sayang layan laba orang pegawai over all enak bilang murah catat hindar bakar hidang,2,0,Negatif,Positif,False,Negatif ➔ Positif
"Sampah lumayan mengganggu, jalan rusak berdebu",sampah lumayan ganggu jalan rusak debu,2,1,Negatif,Netral,False,Negatif ➔ Netral
Sayang banget pantai nya kotor bnyak sampah kelapa,sayang pantai nya kotor bnyak sampah kelapa,2,0,Negatif,Positif,False,Negatif ➔ Positif
tempat nya bagus enak,nya bagus enak,0,2,Positif,Negatif,False,Positif ➔ Negatif
Saat saya berkunjung bunga2 tdk mekar terlihat sprt kurang pemeliharaan tdk banyak beda sprt apa yg saya lihat 10 thn yl. Kalau belanja di toko sovenir agar di cek dgn teliti terutam kerajinan dr kain. Jangan sampai ada barang yg tertinggal krn petugas kantor tdk merespon dgn baik masalah anda.,kunjung bunga2 mekar sprt pelihara beda sprt lihat 10 thn yl belanja toko sovenir cek teliti terutam rajin kain barang tinggal krn tugas kantor merespon,2,1,Negatif,Netral,False,Negatif ➔ Netral
Walaupun jalannya jauh banget tapi asik menikmati nya. Dan ada warung nya dan harganya gak kira2 masa teh pucuk kecil harga 9k mahal banget warung nya..,jalan asik nikmat nya warung nya harga kira2 teh pucuk harga 9k mahal warung nya,1,2,Netral,Negatif,False,Netral ➔ Negatif
"Nginep cuma semalam habis 1,2 jt, ya memang disini pemandangan nya cakep bgt, satpam juga ramah, oke ini berdasarkan pengalamanku, mau breakfast & dinner disuruh bayar lagi 100k, ya memang nuker voucher cuman bayar lagi toh? terus pas masuk …",nginep malam habis 1 2 jt pandang nya cakep satpam ramah oke dasar alam breakfast dinner suruh bayar 100k nuker voucher cuman bayar pas masuk,1,2,Netral,Negatif,False,Netral ➔ Negatif
Agar lebih bersih dan terorganisir,bersih organisir,1,2,Netral,Negatif,False,Netral ➔ Negatif
"Blm terjamah JD minim perawatan,sangat disayangkan",blm jamah jd minim awat sayang,2,1,Negatif,Netral,False,Negatif ➔ Netral
Semoga gada pungli,moga gada pungli,2,0,Negatif,Positif,False,Negatif ➔ Positif
Pertamakali lewat sini di bikin muter 3x 🤭😂 tapi nggak apa jdi tau kota garut yang terkenal manis kaya dodolnya 🤗,pertamakali bikin muter 3x nggak jdi tau kota kenal manis kaya dodol,1,2,Netral,Negatif,False,Netral ➔ Negatif
So far so good...menginap saat weekdays...jd bs menikmati jacuzzi serasa milik pribadi 😍😍...sedikit kekurangannya sih klo mnrt sy...menginap di aira yg kapasitas 4 orang...sayang sekali jendelanya ke samping kiri kanan menghadap unit …,so far so good inap weekdays jd bs nikmat jacuzzi serasa milik pribadi kurang klo mnrt inap aira kapasitas 4 orang sayang jendela samping kiri kanan hadap unit,2,1,Negatif,Netral,False,Negatif ➔ Netral
"Tempatnya cukup enak dan luas. Untuk pesan makanan bisa prasmanan (ala Ampera) atau di meja. Saya pesan prasmanan, tapi jujur agak bingung setelah payment karena saya pesan ayam goreng & bakwan jagung. Lauknya digoreng lg dan katanya nanti diantar. Tapi kasirnya gak nanya/konfirmasi nomor meja. Setelah nunggu beberapa menit, akhirnya saya samperin lagi ke kasir, baru lauknya diantar. Tolong perjelas alur pesanannya karena banyak jg yg bingung. Harga ya standar resto, makan berdua sekitar 95ribuan",tempat enak luas pesan makan prasmanan ala ampera meja pesan prasmanan jujur bingung payment pesan ayam goreng bakwan jagung lauk goreng lg antar kasir nanya konfirmasi nomor meja nunggu menit samperin kasir lauk antar tolong jelas alur pesan jg bingung harga standar resto makan dua 95ribuan,2,0,Negatif,Positif,False,Negatif ➔ Positif
Penjaga parkir marah² ke costumer,jaga parkir marah costumer,0,2,Positif,Negatif,False,Positif ➔ Negatif
"Sangat disayangkan sudah mulai banyak sampah, Tolong untuk pemerintah setempat segera bertindak sebelum sampah dipesisir semakin menumpuk",sayang sampah tolong perintah tindak sampah pesisir tumpuk,2,1,Negatif,Netral,False,Negatif ➔ Netral
"Engga recommend,ga lagi2 datang kesini 😔",engga recommend lagi2 kesini,0,2,Positif,Negatif,False,Positif ➔ Negatif
"Wkt ke sn 5 januari 2026 masih gretong,belum ada tiket,belum ada toilet",wkt sn 5 januari 2026 gretong tiket toilet,1,2,Netral,Negatif,False,Netral ➔ Negatif
"TEMPATNYA INI LUMAYAN INDAH DAN SERU. SAYA JUGA SUKA MAIN KE SINI, TERUTAMA FOTO2 DAN LAINNYA.",tempat lumayan indah seru suka main foto2,1,2,Netral,Negatif,False,Netral ➔ Negatif
"Restorannya tampak cukup bagus, tetapi saya menemukan tikus di dalam restoran, itu tidak higienis.",restoran bagus temu tikus restoran higienis,1,2,Netral,Negatif,False,Netral ➔ Negatif
"Sore sore dateng kesini maksudnya mau liat2 barangkali someday mau staycation disini... begitu nyampe hari hujan... rencananya mau ngafe.. di charge 17.500 per orang ... oke lah... mau pinjem payung karna ujan... gak dikasi..akhirnya ya udah ujan2an jalan ke cafe nya. Sampe di cafe nya, ternyata dibilang ga bisa order 😅 diarahkan ke kios semacem warung kecil di dalam kebun. Ujan2an lagi deh...sampe kios..cuma ada kopi dan teh... makanan udah gak ada... mau tutup katanya jam 17.00 haha... ya udah akhirnya minum ala kadarnya trus pulang dehhh.... saran saya..kalo ujan dan udah sore...yg mau ngafe uda deh ga usah di charge entrance lah...toh ga bisa menikmati kebun juga kaan ?",sore sore dateng kesini maksud liat2 barangkali someday staycation nyampe hujan rencana ngafe charge 17 500 orang oke pinjem payung karna ujan kasi udah ujan2an jalan cafe nya sampe cafe nya bilang order arah kios semacem warung kebun ujan2an sampe kios kopi teh makan udah tutup jam 17 00 haha udah minum ala kadar trus pulang dehhh saran ujan udah sore ngafe uda charge entrance nikmat kebun kaan,0,1,Positif,Netral,False,Positif ➔ Netral
"Reservasi kamar vip tapi dikasihnya kamar yg type business , tapi untungnya viewnya bagus banget disaat breakfast .",reservasi kamar vip kasih kamar type business untung viewnya bagus saat breakfast,1,2,Netral,Negatif,False,Netral ➔ Negatif
Oke bgt,oke,1,2,Netral,Negatif,False,Netral ➔ Negatif
"Hati-hati banyak pohon-pohon besar sudah tua, takut tumbang kena warga. Pemda please perhatikan dan ambil tindakan, safety first.",hati hati pohon pohon tua takut tumbang kena warga pemda please perhati ambil tindak safety first,2,1,Negatif,Netral,False,Negatif ➔ Netral
"Sy selaku orang garut bawa temen untuk liburan dan makan disini, meni ngera keun pisan. Lalapan cuma timun yg diiris sebesar jari kelingking bayi, surawung 1-3lembar, ikan gurame bakar katanya 1 ekor tp yg dtng cuma setengah ekor, ketika sy beritahu stafnya mereka hanya jawab, lalu maunya apa??? Sumpah meni ngerakeun pisannnn. Lalu HTM lansia 20rb, tapiiiiiiiii gak diksh free air minum. Ya Allah pelit amat ini orang bisnis, timbang air harganya 2500/ btl 330ml. Gak ada adabnya bgttt, mana bukti penghormatan kpd lansia kuduna mah eta lansia GRATIS. HTM nya lebih murah tp gak dpt minum. Di resto asken Minta kopi panas datang dingin Seblak juga dingin. Kapokkkk",orang bawa temen libur makan meni ngera keun pis lalap timun iris jari kelingking bayi surawung 1 3lembar ikan gurame bakar 1 ekor tp dtng ekor beritahu staf mau sumpah meni ngerakeun pisannnn htm lansia 20rb tapiiiiiiiii diksh free air minum allah pelit orang bisnis timbang air harga 2500 btl 330ml adab bgttt bukti hormat kpd lansia kuduna mah eta lansia gratis htm nya murah tp dpt minum resto asken kopi panas dingin seblak dingin kapokkkk,0,2,Positif,Negatif,False,Positif ➔ Negatif
Pelayanan terbaaakkkss👍,layan terbaaakkkss,2,0,Negatif,Positif,False,Negatif ➔ Positif
View bagus hanya saja cukup banyak sampah berserakan,view bagus sampah sera,1,2,Netral,Negatif,False,Netral ➔ Negatif
"Tempatnya indah, tapi harganya terlalu mahal untuk orang asing - 300 ribu. Dan untuk penduduk lokal - 30 ribu... Kitas tidak berfungsi, dan hanya menerima pembayaran tunai.",tempat indah harga mahal orang asing 300 ribu duduk lokal 30 ribu kitas fungsi terima bayar tunai,2,0,Negatif,Positif,False,Negatif ➔ Positif
"Airnya kurang panas, lebih ke hangat air kuku, ada tempat khusus berendam, airnya panas, hanya saja kotorrrr,lumut semua,,untuk harga 40rb kebersihannya kurang",air panas hangat air kuku khusus rendam air panas kotorrrr lumut harga 40rb bersih,0,2,Positif,Negatif,False,Positif ➔ Negatif
Satpam dan petugas lainnya kurang helpful. Kurang membantu. Sebab kondisi ketika kedatangan hujan lebat. Tidak ada yang membawakan payung begitu selesai parkir. Check in pun belum bisa. Mana atuh urang Sunda nu someah teh. Apalagi ini bisnis di hospitality,satpam tugas helpful bantu kondisi datang hujan lebat bawa payung selesai parkir check in atuh urang sunda nu someah teh bisnis hospitality,0,2,Positif,Negatif,False,Positif ➔ Negatif
"Kamar twin nya cenderung tua kebagian yg paling ujung di lt.2 kamar 201. Tapi lumayan bersih. Ada balkon & kursi buat nangkring. Kamar mandi agak bau, saran dikasih kamper/pewangi WC aja. Plus batub gede, enak …",kamar twin nya cenderung tua bagi ujung lt 2 kamar 201 lumayan bersih balkon kursi nangkring kamar mandi bau saran kasih kamper wangi wc plus batub gede enak,1,2,Netral,Negatif,False,Netral ➔ Negatif
Tidak terawat dan rumput tinggi... Apa kerjaan dinas pertaman di kota ini? Hahaha,awat rumput kerja dinas tam kota hahaha,0,2,Positif,Negatif,False,Positif ➔ Negatif
Pantai yg indah tp kurang Ter urus jln rusak lampu2 ga nyala bangunan bnyak yg rusak sampah mah tong ditaros. Sok atuh benahi lagi @pemkabgarut,pantai indah tp ter urus jln rusak lampu2 nyala bangun bnyak rusak sampah mah tong ditaros sok atuh benah pemkabgarut,2,0,Negatif,Positif,False,Negatif ➔ Positif
"Tempatnya lumayan luas, harga sebanding dengan kualitas tempat yg nyaman. Di tempat bilas disediakan sabun dan shampoo. Permasalahanya ada di tempat parkirnya yg sempit, padat dan tidak teratur. Dikenakan parkir 10 rb saat memasuki area. Belum lagi biaya parkir valletnya.",tempat lumayan luas harga banding kualitas nyaman bilas sedia sabun shampoo permasalahanya parkir sempit padat atur kena parkir 10 rb pasuk area biaya parkir valletnya,2,1,Negatif,Netral,False,Negatif ➔ Netral
Pelayanan nya lama,layan nya,0,2,Positif,Negatif,False,Positif ➔ Negatif
Ok mantap,ok mantap,1,2,Netral,Negatif,False,Netral ➔ Negatif
Makanan enak. Hanya saja pelayanan nya kurang gercep. Masa pesen jam 13:00. Baru datang jam 14:00. Orang yang datang nya setelah kita aja udah pada pulang. Kita belum datang. Pas ditanya berkali2. Baru dianterin. Dan ternyata makanan nya udah dingin. Parah si ini. Sama jika makanan dan minuman nggak ada. Malah nggak konfirmasi dan ditunggu sampai selesai nggak datang2. Giliran mau bayar malah di tagih. Tolong perbaiki ya. Untuk suasana padahal bagus dan rasa beserta harga bagus. Hanya saja pelayanan nya kurang. Padahal untuk parkir sangat cekatan dan membantu. Hanya pelayanannya kurang memuaskan dan tidak inisiatif. Spot foto bagus dan ada hewan juga. Klo bawa anak2 pasti seneng.,makan enak layan nya gercep sen jam 13 00 jam 14 00 orang nya udah pulang pas berkali2 dianterin makan nya udah dingin parah si makan minum nggak nggak konfirmasi tunggu selesai nggak datang2 gilir bayar tagih tolong baik suasana bagus serta harga bagus layan nya parkir cekat bantu layan muas inisiatif spot foto bagus hewan klo bawa anak2 neng,2,0,Negatif,Positif,False,Negatif ➔ Positif
"Cocok untuk bersantai pas sore hari, viewnya bisa lihat pantai dari bukit dan bagus buat foto-foto. Aksesnya dari pantai ke bukit cukup dekat cuma emang jalannya lumayan berpasir jadi harus hati-hati. Meskipun view dan suasanya nyaman cukup disayangkan masih banyak buang sampah sembarangan jd berserakan dimana-mana sama harusnya akses kendaraan jangan sampai ke atas bukit jadi sayang banget bukitnya banyak bekas jalan kendaraan, lebih baik ada tempat parkir dan jalan kaki ke bukitnya",cocok santa pas sore viewnya lihat pantai bukit bagus foto foto akses pantai bukit emang jalan lumayan pasir hati hati view suasa nyaman sayang buang sampah sembarang jd sera mana akses kendara bukit sayang bukit bekas jalan kendara parkir jalan kaki bukit,1,2,Netral,Negatif,False,Netral ➔ Negatif
"Gak ada sistem antrian, sistem serobot, asal kenal dengan pegawai bisa di cariin kalau gak ya dicuekin, semoga berbenah ya",sistem antri sistem serobot kenal pegawai cariin dicuekin moga benah,0,2,Positif,Negatif,False,Positif ➔ Negatif
"Bagus..cuma fasilitasnya cepet banget rusak..2 tahun lalu masih bagus..sekarang sdah ada yg rusak. Sayang kurang perawatan seprti di tempat lita mau naik perahu tali"" tali tiang sudah pada putus",bagus fasilitas cepet rusak 2 bagus sdah rusak sayang awat seprti lita perahu tali tali tiang putus,2,1,Negatif,Netral,False,Negatif ➔ Netral
"Lantai sekitar kolam renang sangat licin, keluarga saya ada yang jatoh kepala kebentur lantai bikin celaka tamu wisata ! Staff nya juga kurang peka dengan sekitar..",lantai kolam renang licin keluarga jatoh kepala bentur lantai bikin celaka tamu staff nya peka,0,2,Positif,Negatif,False,Positif ➔ Negatif
"Hotel 3 lantai terbaik di Garut pada jamannya, berdiri sejak tahun 1964. Hotel tidak ada lift. Saya menginap di kamar suite. Bantal, sprei, kasur, dan handuk bersih dan nyaman. Sarapan sedikit variasi namun rasanya enak. Harga makanan terjangkau. Perabotan sudah jadul. Parkiran sempit. Kolam renang air panas dan ada kamar rendam. Waktu-waktu tertentu kolam renang ramai, karena disewakan juga kepada pengunjung yang tidak menginap. Suara dari luar kamar, seperti suara kendaraan, suara orang terdengar jelas ke kamar terutama saat malam. Depan hotel ada Masjid. Kolam renang tidak menyediakan handuk, jadi kalau mau berenang baiknya bawa handuk dari kamar.",hotel 3 lantai baik jaman diri 1964 hotel lift inap kamar suite bantal sprei kasur handuk bersih nyaman sarap variasi enak harga makan jangkau perabot jadul parkir sempit kolam renang air panas kamar rendam kolam renang ramai sewa unjung inap suara kamar suara kendara suara orang dengar kamar malam hotel masjid kolam renang sedia handuk renang baik bawa handuk kamar,1,2,Netral,Negatif,False,Netral ➔ Negatif
Kurangnya sarana tempat duduk dan tempat berteduh seperti halte untuk para penunggu bis,kurang sarana duduk teduh halte tunggu bis,1,2,Netral,Negatif,False,Netral ➔ Negatif
"Sebenernya saung di pantai santolo bayar gak sih gaes? Udah 2x saya kesana gratis, paling jajan aja di warung seberangnya. Nah yg ke-3 kali kesana bikin kapok. Byr saung 50k. Dan ibu2 warung yang bikin males balik lagi. Mending sayang heulang.",sebenernya saung pantai santolo bayar gaes udah 2x kesana gratis jajan warung seberang 3 kali kesana bikin kapok byr saung 50k ibu2 warung bikin males mending sayang heulang,1,2,Netral,Negatif,False,Netral ➔ Negatif
Kemarin lagi promo makan gratis playground. Tapi ya kondisi playground nya seadanya. Kayanya mau renovasi atau diperbarui lagi playground nya,kemarin promo makan gratis playground kondisi playground nya ada kaya renovasi baru playground nya,1,2,Netral,Negatif,False,Netral ➔ Negatif
"Tidak nyaman sama sekali air kolam kotor seperti tidak terawat,,tempat bilas juga tidak nyaman bau pesing",nyaman air kolam kotor awat bilas nyaman bau pesing,0,1,Positif,Netral,False,Positif ➔ Netral
"SALAH TITIK, JANGAN DIPAKAI TITIK GOOGLE MAP INI, JANGAN DIPAKAI SALAH TITIK",salah titik pakai titik map pakai salah titik,0,2,Positif,Negatif,False,Positif ➔ Negatif
Lumayan viral dan rekomended dr beberapa influencer. Untuk Susana sangat cozy seperti di rumah sendiri. Pelayanan juga ok. Dari segi makanan kurang begitu cocok di lidah. Dateng jam 2n tp beberapa menu sudah kosong terutama snack. Coba pesen tahu gejrot chili sauce tp terasa sangat asin. Ga mau dimakan tp sudah dipesan. Kopi hitam nya juga seperti kopi gosong roastingannya. Sukses selalu.,lumayan viral rekomended influencer susana cozy rumah layan ok segi makan cocok lidah dateng jam 2n tp menu kosong snack coba sen gejrot chili sauce tp asin makan tp pes kopi hitam nya kopi gosong roastingannya sukses,2,1,Negatif,Netral,False,Negatif ➔ Netral
"Yg jelek dulu ajalah.. Udah bayar parkir di awal 10k eh pas balik dicegat di depan pintu mobil sama prelok (preman lokal) minta duit parkir lagi Banyak amaaat tagihan parkirnya yak. Oia pemandiannya udah modern sih, bersih, cakep. Nuansa pink Ada 3 kolam cukup besar di depan dengan 1 pemandian anak², 1 dewasa dan 1 dengan layar proyektor yang menampilkan nuansa jepang ehehe lucu sih.. Di dalam ada 3 jacuzzi kecil cukup 6 orang dan kalo jam 10 bisa sepi soalnya mau tutup ehehe Biaya 75k/pax",jelek aja udah bayar parkir 10k eh pas cegat pintu mobil prelok preman lokal duit parkir amaaat tagih parkir yak oia mandi udah modern bersih cakep nuansa pink 3 kolam 1 mandi anak 1 dewasa 1 layar proyektor tampil nuansa jepang ehehe lucu 3 jacuzzi 6 orang jam 10 sepi tutup ehehe biaya 75k pax,2,0,Negatif,Positif,False,Negatif ➔ Positif
"Kurang nyaman, karena berisik sama yg camp di tenda² kecil...harusnya agak jauhan lokasinya untuk penempatan glamping jadi bisa istirahat tidur... karena waktunya tidur... tengah malam masih berisik... cengengesan... Terlalu dipaksakan untuk penempatan lokasinya, beda harga, beda lokasi harusnya",nyaman berisik camp tenda jauh lokasi tempat glamping istirahat tidur tidur malam berisik cengengesan paksa tempat lokasi beda harga beda,1,2,Netral,Negatif,False,Netral ➔ Negatif
Cukup sudah...!! Ayam bambu banyak sekali. Kelihatannya sangat manis... Harganya mahal..... Sudah lama sekali aku tidak sakit. Sungguh..!!,ayam bambu manis harga mahal sakit sungguh,0,1,Positif,Netral,False,Positif ➔ Netral
"Pengalaman pertama menikmati sajian khas Sunda dan berkesan dgn suasana, layanan serta makanan. Hanya tempat parkir kendaraan kurang mendukung dan cenderung mengganggu jalur lalu lintas yg ada",alam nikmat saji khas sunda kesan suasana layan makan parkir kendara dukung cenderung ganggu jalur lintas,2,1,Negatif,Netral,False,Negatif ➔ Netral
Lambat,lambat,2,0,Negatif,Positif,False,Negatif ➔ Positif
Benahi kembali untuk vasilitas villa Ac Dan pelayanan.,benah vasilitas villa ac layan,0,2,Positif,Negatif,False,Positif ➔ Negatif
Maknanya lama banget nyampenya Padahal lagi sepi,makna nyampenya sepi,0,2,Positif,Negatif,False,Positif ➔ Negatif
"Kolam renang nya hangat lama kelamaan yg sebelumnya Teresa panas. Air kolam terapi panas poll .. Suasana sedikit oke, maaf harga makanan minuman nya mahal kata sya ini di kabupaten. Eh tp ketang emang di grt pada mahal lebih dr di bdg",kolam renang nya hangat esa panas air kolam terapi panas poll suasana oke maaf harga makan minum nya mahal sya kabupaten eh tp ketang emang grt mahal bdg,2,0,Negatif,Positif,False,Negatif ➔ Positif
Pantai indah pasir putih Sayangnya tidak terkelola dengan baik .. kotor.. & pungutan tiket hanya utk pendatang dari jauh saja Sewaktu kt sampai disana listrik disana sudah padam 2 hari kata pemilik resto Tidak ada kepastian kapan listrik nyala lg dr PLN setempat,pantai indah pasir putih sayang kelola kotor pungut tiket datang kt sana listrik sana padam 2 milik resto pasti listrik nyala lg pln,1,2,Netral,Negatif,False,Netral ➔ Negatif
Saya minta maaf..,maaf,2,0,Negatif,Positif,False,Negatif ➔ Positif
Becek,becek,0,2,Positif,Negatif,False,Positif ➔ Negatif
agak pricey ya pdhl makanan nya ga yg enak bgt,pricey pdhl makan nya enak,1,2,Netral,Negatif,False,Netral ➔ Negatif
hari apes gaada di kalender wk,apes gaada kalender wk,2,0,Negatif,Positif,False,Negatif ➔ Positif
"Sebenarnya cuma mau makan di cibiuknya kalo untuk rasa makanan ga ada masalah memang cibiuk enak-enak makanan nya. Cuman masuknya itu loh mahal banget dewasa 1org 35rb anak-anak dan lansia 20rb, kami 7 orang total 210rb sama parkir. Belum apa-apa udah ratusan ribu plus makan aja udah 1jt-an. Wisata di garut emang terkenal mahal-mahal 😅",makan cibiuknya makan cibiuk enak enak makan nya cuman masuk mahal dewasa 1org 35rb anak anak lansia 20rb 7 orang total 210rb parkir udah ratus ribu plus makan udah 1jt an emang kenal mahal mahal,2,0,Negatif,Positif,False,Negatif ➔ Positif
"Tempat langganan untuk berenang air panans, cuma perawatannya perlu ditingkatkan lagi yaaa.",langgan renang air panans awat tingkat yaaa,2,1,Negatif,Netral,False,Negatif ➔ Netral
"bnyak yg jualan, hutan tapi kurang bernafas",bnyak jual hutan nafas,1,2,Netral,Negatif,False,Netral ➔ Negatif
"pantai sih Bagus masih jernih pas dkt menara Santolo nya tapi syng ko aga d aneh ya msk awal 85 RB naek perahu ngepot pantat perahu doang 50 RB msk lagi 20 RB pdhl cmn 5 org doang parkir 10 RB , mending ke Anyer byr parkir doang 5 RB 🙏 …",pantai bagus jernih pas dkt menara santolo nya syng ko aga d aneh msk 85 rb naek perahu ngepot pantat perahu 50 rb msk 20 rb pdhl cmn 5 org parkir 10 rb mending anyer byr parkir 5 rb,2,0,Negatif,Positif,False,Negatif ➔ Positif
"Pelayanan baik, satset gak perlu nunggu lama",layan satset nunggu,2,0,Negatif,Positif,False,Negatif ➔ Positif
Dikuasai akamsi malah jadi amburadul,asai akamsi amburadul,1,2,Netral,Negatif,False,Netral ➔ Negatif
"Pantainya bagus , tapi akses nya ga bagus , trus ada yg Jasa getek yg Viral itu loh ,nah ngetok harga buat turis lokal kek w ,PADAHAL NYEBRANG ke pulau cman 2 menit ,eh byr nya sampe PP 50 Rb ,itu 2 motor ,3 org . POKONYA KAPOK BGT KE SINI ,CUKUP TAU AJA .",pantai bagus akses nya bagus trus jasa getek viral ngetok harga turis lokal kek w nyebrang pulau cman 2 menit eh byr nya sampe pp 50 rb 2 motor 3 org poko kapok tau,0,2,Positif,Negatif,False,Positif ➔ Negatif
Pelayanan baik 👍 …,layan,1,0,Netral,Positif,False,Netral ➔ Positif
"Beli di online tulisan komplit ada ayam nya di gambar walau ilustrasi setidaknya kasih tulisan apa saja di dalam nya, ini asin mndoan, perkdel jagung, tahu, sambal, selada juga bekas sisa org makan parah loh soalnya terselip ada diri ikan nya kalau baru pasti bersih untung gak di makan dgn harga segitu kurang sih nasi liwetnya juga kek nasi liwet sisa parah sih 🙏🏻",beli online tulis komplit ayam nya gambar ilustrasi kasih tulis nya asin mndoan perkdel jagung sambal selada bekas sisa org makan parah selip ikan nya bersih untung makan harga segitu nasi liwet kek nasi liwet sisa parah,0,1,Positif,Netral,False,Positif ➔ Netral
Sejuk,sejuk,1,2,Netral,Negatif,False,Netral ➔ Negatif
"1. Rasa makanan biasa aja. 2. Kalau lihat lokasinya kurang representatif jadi harga terhitung mahal. 3. Tempatnya kurang nyaman karena masuk gang dan persis di sisi rel, sehingga lingkungannya kurang asri.",1 makan 2 lihat lokasi representatif harga hitung mahal 3 tempat nyaman masuk gang persis sisi rel lingkung asri,1,2,Netral,Negatif,False,Netral ➔ Negatif
Pemadangan yg bagus udara sejuk dan banyak tempat rekreasi keluarga,madang bagus udara sejuk rekreasi keluarga,1,2,Netral,Negatif,False,Netral ➔ Negatif
"Pemandangannya bagus, tapi servis sangat kurang, pesan jam 18.30, baru delivery jam 19.30. Padahal tdk terlalu ramai. Menu yg dipesan juga bukan yg sulit, hanya croissant (yg harusnya ready stock), spagethi yg mudah buatnya, platter yg jg tidak sulit, sop buntut yg seharusnya ready. Yg cepat hanya pizza, minuman juga harus bolak balik ditanyakan, baru di kirimkan. Meja sebelah yg jumlah pengunjungnya lebih banyak dan dtg belakangan malahan makanan dan minuma sdh dtg lebih cepat dan bahkan sdh selesai sebelum makanan kita dtg semua. Rasa juga tdk istimewa, sop buntut nya juga sdh dingin. Salad kebanyakan sauce nya. Tapi spot fotonya keren keren banget sih.",pandang bagus servis pesan jam 18 30 delivery jam 19 30 ramai menu pes sulit croissant ready stock spagethi mudah buat platter jg sulit sop buntut ready cepat pizza minum bolak kirim meja belah unjung dtg makan minuma sdh dtg cepat sdh selesai makan dtg istimewa sop buntut nya sdh dingin salad banyak sauce nya spot foto keren keren,1,0,Netral,Positif,False,Netral ➔ Positif
"Saya berkunjung kesini tepat sebelum peakseason / libur panjang . Sofar saya nilai biasa aja dan tidak sebagus yang ada di video video . Untuk rasa kopi dan rasa menu nya lumayan lah tergantung selera . Untuk tiket masuk di kenakan biaya 30rb per orang dan tiket kendaraan di sesuaikan . Dan untuk parkiran luas dan udah aman tapi emang akses jalan nya harus di perbaiki lagi . Catatan pengelola : 1.Variasi rasa dan menu nya di tambahkan lagi, 2.Tiket nya di seauaikan lagi memang dapat air mineral dr harga 30rb itu cuman kurang air nya di ksh kemasan 300ml (tambah besarin lagi dong), 3.Rumah makan cibiuk nya berada di dalam sini sehingga kalau ga puas nyemil di cafe bisa di cibiuk (note untuk di kasih larangan merokok dong di lesehanya kasihan kalau ada anak anak), 4.Tambah lg spot foto nya biar bisa lebih banyak lagi dan burung nya di rawat lebih baik lg biar lebih fresh / seger lagi, 5.Spot foto yg di depan di rapihin biar lebih di update karena sudah seperti lapuk, 6.Tambah lagi rambu rambu peringatan menuju cafe nya agar lebih hati hati karena cor an nya licin dan tambah akses disabilitas / kursi roda biar bs naik ke cafe nya, 7.Jalanan nya di perbaiki lagi yaaa .. Semoga bermanfaat .",kunjung kesini peakseason libur sofar nilai bagus video video kopi menu nya lumayan gantung selera tiket masuk kena biaya 30rb orang tiket kendara sesuai parkir luas udah aman emang akses jalan nya baik catat kelola 1 variasi menu nya tambah 2 tiket nya seauaikan air mineral harga 30rb cuman air nya ksh kemas 300ml besarin 3 rumah makan cibiuk nya puas nyemil cafe cibiuk note kasih larang rokok lesehanya kasihan anak anak 4 lg spot foto nya burung nya rawat lg fresh seger 5 spot foto rapihin update lapuk 6 rambu rambu ingat cafe nya hati hati cor an nya licin akses disabilitas kursi roda bs cafe nya 7 jalan nya baik yaaa moga manfaat,1,2,Netral,Negatif,False,Netral ➔ Negatif
Olloh maha kaya lagi maha penyayang,olloh maha kaya maha sayang,2,1,Negatif,Netral,False,Negatif ➔ Netral
Menu makanan banyak sekali dan melimpah.,menu makan limpah,1,2,Netral,Negatif,False,Netral ➔ Negatif
"4 hari menginap disini ada 2 poin utama yang ingin saya sampaikan : 1. KEBERSIHAN Sekitar 1 tahun yg lalu saya kesini untuk honeymoon.. dibayangan saya tempatnya akan sangat nyaman dan asri, nyatanya kenyamanan dan ke asri an itu lenyap karna selama 4 hari kamar saya di datangi tikus, ya benar tikus! Sudah bberapa kali saya minta ke staff untuk menangani tikus tp tidak ada hasil apa2. Pertama kali saya datang, saya sudah lihat di pojokan ada perangkap tikus dan heran nya kok bisa2 nya udah tau kamar nya ada tikus tp masih di berikan ke pengunjung. Saya tidak mengerti bagaimana SOP hotel pd saat itu. Untuk kebersihan walau tidak terlalu bersih, banyak sarang laba2, banyak debu, dan bangunan tidak terawat, bisa saya maklumi karena memang konsep nya alam tapi untuk tikus mohon maaf saya gk bisa memaklumi, kebayang gk sih makanan yg kita tinggal di kamar digerogotin tikus. 2. Tidak profesional Saya sudah bberapa kali menginap di hotel, dan hanya hotel ini yang saya temui sangat tidak profesional. Menjawab pertanyaan pengunjung pun benar2 seperti bukan jawaban selayaknya staff hotel, Terkesan sangat asal. dengan harga yg tidak murah, Benar2 lack of quality Padahal tadinya kalo hotel ini cocok saya pasti akan datang lg setiap pulang ke Garut, tapi pengalaman buruk dengan tikus ini gk akan saya ulangi! Semoga dengan review ini pihak hotel bisa membenahi SOP, staff, dan pemeliharaan setiap kamar dengan baik. Telah saya lampirkan beberapa foto sebagai bukti.",4 inap 2 poin utama 1 bersih 1 kesini honeymoon bayang tempat nyaman asri nyaman asri an lenyap karna 4 kamar datang tikus tikus bberapa kali staff tangan tikus tp hasil apa2 kali lihat pojok perangkap tikus heran nya bisa2 nya udah tau kamar nya tikus tp unjung erti sop hotel pd bersih bersih sarang laba2 debu bangun awat maklum konsep nya alam tikus mohon maaf maklum bayang makan tinggal kamar digerogotin tikus 2 profesional bberapa kali inap hotel hotel temu profesional unjung benar2 layak staff hotel kes harga murah benar2 lack of quality hotel cocok lg pulang alam buruk tikus ulang moga review hotel benah sop staff pelihara kamar lampir foto bukti,0,1,Positif,Netral,False,Positif ➔ Netral
Keeerrreeennnn banget disini Walaupun datangnya kesorean gitu Tp tetap adeeemmm t4nya,keeerrreeennnn datang sore gitu tp adeeemmm t4nya,2,1,Negatif,Netral,False,Negatif ➔ Netral
"Cukup berkesan, perlu penataan ulang di kp.my darling dan Amsterdam",kesan tata ulang kp my darling amsterdam,1,2,Netral,Negatif,False,Netral ➔ Negatif
Terakhir beli keripik daun rasanya nggak enak dan udah alot(kelamaan dipajang) saran cari makanan yg terlihat msh baru coz makanan lama dsna tidak terkontrol,beli keripik daun nggak enak udah alot pajang saran cari makan msh coz makan dsna kontrol,0,1,Positif,Netral,False,Positif ➔ Netral
"Mampir kesini siang sekitar jam 11-12 sebagai turis karena bukan orang garut. Tempatnya sbnrnya luas dan promising. Konsepnya lumayan bagus. Tapi tempat sgt gelap dan gerah (kebetulan di open space tp terlihat ada kipas). Bilangnya sedang ada perbaikan kelistrikan jd makan sambil gelap2an. Mau ke kamar mandi gk bisa krn gelap juga. Pelayan seperti kelabakan krn banyak yg datang di jam tsb. Baksonya spt kurang dipanaskan krn jandonya jd lengket di mulut. Saya datang paling pertama tapi minuman yg dipesan tdk kunjung dtg hingga selesai makan dan saya dan rekan kepedesan bgt.. pas ditanyain waiters blg lg dibikin, pas disamperin ternyata keselip :))) how could? Untung kopinya enak, kudos buat baristanya. But the time accuracy was bad. The price was cheap enough.",mampir kesini siang jam 11 12 turis orang tempat sbnrnya luas promising konsep lumayan bagus sgt gelap gerah open space tp kipas bilang baik listrik jd makan gelap2an kamar mandi krn gelap layan laba krn jam tsb bakso spt panas krn jandonya jd lengket mulut minum pes kunjung dtg selesai makan rekan kepedesan pas ditanyain waiters blg lg bikin pas disamperin selip how could untung kopi enak dos baristanya but the time accuracy was bad the price was cheap enough,1,2,Netral,Negatif,False,Netral ➔ Negatif
Pelayanan baik 👍 …,layan,1,0,Netral,Positif,False,Netral ➔ Positif
"Tempat parkir sangat sempit, tetapi petugas keamanan mengelola situasi dengan baik. Kipas AC agak berisik dengan suara klik. …",parkir sempit tugas aman kelola situasi kipas ac berisik suara klik,2,1,Negatif,Netral,False,Negatif ➔ Netral
"Makanan biasa aja cenderung keasinan.., dagingnya keras, meskipun dalam kuah Penyajian lama (2 menu berkuah dan udang goreng) Teh panas disajikan di awal, makanan masih lama, jadi tehnya dingin Interior dan ambience, keren Ambience OK buat foto vintage place",makan cenderung asin daging keras kuah saji 2 menu kuah udang goreng teh panas saji makan teh dingin interior ambience keren ambience ok foto vintage place,1,0,Netral,Positif,False,Netral ➔ Positif
"first time gua kesini, literally so bad. first penjual makanan nya ga ada ramah ramah nya, dan air nya dingin karna gua kira arti dari cipanas itu “air nya panas” soalnya kolam renang yang lain air nya panas dan anget, kolam yang ini gak ada anget anget nya malah dingin banget, untuk price nya sih overrated bgt untuk wilayah pinggiran",first time gua kesini literally so bad first jual makan nya ramah ramah nya air nya dingin karna gua arti cipanas air nya panas kolam renang air nya panas anget kolam anget anget nya dingin price nya overrated wilayah pinggir,0,2,Positif,Negatif,False,Positif ➔ Negatif
"Just a random stop for dinner after our hike to Papandayan. Nemunya gak sengaja karena baca-baca komen di TikTok, trus kayaknya menarik. TERNYATA BENERAN ENAK 😭🙏🏻 Kami pesan paket nasi dengan empal. Punyaku nasinya ganti ke nasi cikur dengan empal basah (sumpahhh, nasi cikur di sini ENAK BANGET, kalian harus coba!!!!), dan punya temenku nasinya ganti ke nasi TO dengan empal kering (nasi TO mereka juga enaaakkkkkk!!!). Kami juga pesen karedok campur, es jeruk, dan orange squash. Karedoknya bestttt sama sekali gak bau langu, terasa segar dan enakkk banget di mulut 😭 Pokoknya buat entah siapa-siapa aja yang rame komen rekomendasiin RM Cikenceh di VT TikTok yang aku tonton, makasih banyakkkk yaaahh. Gak nyesel sama sekali mampir ke sini 🥲🫶🏻 Next kalo ke Garut pastiii akan belok lagi! Heehehhe",just a random stop for dinner after our hike to papandayan nemunya sengaja baca baca komen tiktok trus kayak tarik beneran enak pesan paket nasi empal punya nasi ganti nasi cikur empal basah sumpahhh nasi cikur enak coba temenku nasi ganti nasi to empal kering nasi to enaaakkkkkk sen karedok campur es jeruk orange squash karedoknya bestttt bau langu segar enakkk mulut pokok rame komen rekomendasiin rm cikenceh vt tiktok tonton makasih banyakkkk yaaahh nyesel mampir next pastiii belok heehehhe,2,1,Negatif,Netral,False,Negatif ➔ Netral
Rumah,rumah,1,2,Netral,Negatif,False,Netral ➔ Negatif
Banyak tikus dan kamarnya kotor. Lebih baik mampir untuk liat2 kebun bunganya saja.,tikus kamar kotor mampir liat2 kebun bunga,0,2,Positif,Negatif,False,Positif ➔ Negatif
"Makanannya mahal banget, roti 1 potongan kecil 15 rb, belum sama pajak. Tidak sesuai dengan harga di menu. Ada anak yg makan di kolam, makanannya dilempar ke kolam, dibiarkan gitu aja, begitu juga yg buang sampah plastik ke kolam.",makan mahal roti 1 potong 15 rb pajak sesuai harga menu anak makan kolam makan lempar kolam biar gitu buang sampah plastik kolam,1,0,Netral,Positif,False,Netral ➔ Positif
Mantap betul gk mengecewakan lah,mantap kecewa,2,0,Negatif,Positif,False,Negatif ➔ Positif
"Benar sekali, sayangku.",sayang,2,1,Negatif,Netral,False,Negatif ➔ Netral
"Pemandangan yg luar biasa keren dari sudut manapun, semoga bisa di nikmati oleh rakyat rakyat banyak dengan tiket masuk orang yg jangan terlalu mahal, tiket mobil kalo perlu mahal walaupun saya bawa mobil.",pandang keren sudut mana moga nikmat rakyat rakyat tiket masuk orang mahal tiket mobil mahal bawa mobil,2,0,Negatif,Positif,False,Negatif ➔ Positif
Wah... Berbagai macam hewan....,hewan,1,2,Netral,Negatif,False,Netral ➔ Negatif
Tiket masuk 7500/orang Ada orang lain di dalam rumah yang meminta tempat parkir,tiket masuk 7500 orang orang rumah parkir,2,0,Negatif,Positif,False,Negatif ➔ Positif
Kebun Mawar SITUHAPA Samarang,kebun mawar situhapa samarang,1,2,Netral,Negatif,False,Netral ➔ Negatif
Pasar ikan tidak produktif untuk pedagang ikan hanya untuk hanya untuk orang tertentu sistem kontrak memberatkan warga sekitar untuk jualan bukan distribusi seperti pasar laiin,pasar ikan produktif dagang ikan orang sistem kontrak berat warga jual distribusi pasar laiin,0,2,Positif,Negatif,False,Positif ➔ Negatif
Seru buat berendem. Cuma toiletnya perlu diperhatikan lagi. Tidak ada petugas kebersihan yg standby. Jd sedikit kotor dan bau.,seru berendem toilet perhati tugas bersih standby jd kotor bau,2,1,Negatif,Netral,False,Negatif ➔ Netral
"Sayang sekali terlihat kumuh, sampah berserakan di mana-mana. Padahal kalau dirawat akan sangat bagus",sayang kumuh sampah sera rawat bagus,0,1,Positif,Netral,False,Positif ➔ Netral
"Tempat yang tenang, saya pernah ke tempat ini dan hanya ada sekitar 2 atau 3 kelompok sampai sore hari. Tidak ada yang spesial di sini, tidak seperti yang ditampilkan di media sosial. Tempat ini hanya memiliki 1 restoran dan 1 kedai kopi di bagian atas.",tenang 2 3 kelompok sore spesial tampil media sosial milik 1 restoran 1 kedai kopi,1,2,Netral,Negatif,False,Netral ➔ Negatif
Sayang sekali bnyak sampah,sayang bnyak sampah,2,0,Negatif,Positif,False,Negatif ➔ Positif
Gersang,gersang,0,2,Positif,Negatif,False,Positif ➔ Negatif
Tempat nya adem estetik cuman di sayang kan harga tidak sesuai dengan kenyataan beli paketan 500rb tapi makanan cuman 50rb juga dapet di warung,nya adem estetik cuman sayang harga sesuai nyata beli paket 500rb makan cuman 50rb dapet warung,0,2,Positif,Negatif,False,Positif ➔ Negatif
Cuman lewat,cuman,0,2,Positif,Negatif,False,Positif ➔ Negatif
"Waktu tunggu makanan sangat lama, hampir 1.5 jam makanan blm keluar semua, rasa juga standar saja, harga tergolong mahal. Untuk hanya nongkrong makan ringan dan cemilan mungkin masih oke tapi makan besar tdk rekomendasi.",tunggu makan 1 5 jam makan blm standar harga golong mahal nongkrong makan ringan cemilan oke makan rekomendasi,0,2,Positif,Negatif,False,Positif ➔ Negatif
"Karena komplain kelamaan penyajian ini dikasih Nasi Liwet Instan. Terimakasih. Terpaksa pada ngabisin otak-otak dan makannya pake sambel, sdh keburu laper yang dateng baru minuman. Nunggu sampai hampir 2 jam blm datang2 semua makanan. Ga tau apa penyebabnya, apakah karena ramai momen Idul Fitri atau cara mengatur pesanan yang ga beres. Kalau mau cepet bisa pesen yang paketan saja.",komplain saji kasih nasi liwet instan terimakasih paksa ngabisin otak otak makan pake sambel sdh keburu laper dateng minum nunggu 2 jam blm datang2 makan tau sebab ramai momen idul fitri atur pesan beres cepet sen paket,1,0,Netral,Positif,False,Netral ➔ Positif
"lumayan makanannya tp service nya kureng, pesan minuman tp seperti tidak dicatat jdi pas diantar kurang jumlahnya dan pelayannya seperti tidak tau pesan apa aja dan berapa, di depan sugema ada yg jual es duren lumayan enak",lumayan makan tp service nya reng pesan minum tp catat jdi pas antar layan tau pesan sugema jual es duren lumayan enak,2,1,Negatif,Netral,False,Negatif ➔ Netral
Fasilitasnya tolong diperbaiki lagi,fasilitas tolong baik,1,0,Netral,Positif,False,Netral ➔ Positif
"WASpada anak berenang, karena kolam yg dalem sama yang rendah jadi satu. Ukuran kolam kecil, anak asik berenang tiba2 injak kolam dalem. Untuk Kebersihan ok.",waspada anak renang kolam dalem rendah ukur kolam anak asik renang tiba2 injak kolam dalem bersih ok,1,2,Netral,Negatif,False,Netral ➔ Negatif
Cuma lama penyajiannya,saji,2,0,Negatif,Positif,False,Negatif ➔ Positif
Mantap cuman banyak eceng gondok,mantap cuman eceng gondok,2,1,Negatif,Netral,False,Negatif ➔ Netral
Salah satu tempat pemandian air panas yg ada di Cipanas Garut..tempat nya nyaman ada private kolam juga lebih indah kalo berendam pada malam hari karena bisa liat visual akuarium ikan didinding kolam..terdapat kafe juga di tengah2 kolam..untuk wisata keluarga boleh dicoba...,salah mandi air panas cipanas nya nyaman private kolam indah rendam malam liat visual akuarium ikan dinding kolam kafe tengah2 kolam keluarga coba,1,2,Netral,Negatif,False,Netral ➔ Negatif
"SAYA KECEWA !!!! 1. KENAPAA RM.BOTRAM INI GA ADA DI BANDUNG, padahal enak banget kapan lagi bisa makan makanan Sunda kaya gini udh kaya maublangka di kota ini.. 2. KOPI NYA BADABEST !!!! mas mas nya enak buat di ajak ngobrol mereka bisa SE humble gtu yah ngeri ngeri... 3. UDH GABISA DI UNGKAPIN KATA KATA DAN CUKUP BANGET.....",kecewa 1 kenapaa rm botram bandung enak makan makan sunda kaya gin udh kaya maublangka kota 2 kopi nya badabest mas mas nya enak ajak ngobrol humble gtu ngeri ngeri 3 udh gabisa ungkapin,2,0,Negatif,Positif,False,Negatif ➔ Positif
2,2,0,2,Positif,Negatif,False,Positif ➔ Negatif
"Deretan sepeda motor dengan knalpot bising yang tak kunjung berhenti benar-benar merusak suasana santai tempat ini. Tidak ada satu menit pun tanpa mendengar suara mereka… manajemen, beranilah dan berkolaborasilah dengan masyarakat setempat dan polisi untuk memerangi hal ini. Mengendarai sepeda motor dengan knalpot modifikasi adalah ilegal menurut hukum Indonesia. Beranilah dan jangan terlalu pasif, kalau tidak orang-orang bodoh ini akan menang.",deret sepeda motor knalpot bising kunjung henti rusak suasana santai menit dengar suara manajemen rani kolaborasi masyarakat polisi rang kendara sepeda motor knalpot modifikasi ilegal hukum indonesia rani pasif orang orang bodoh menang,0,1,Positif,Netral,False,Positif ➔ Netral
Jual beli kuda,jual beli kuda,0,2,Positif,Negatif,False,Positif ➔ Negatif
Baru pertama x kesini Sedikit kecewa dateng kesini karna mau pilih tempat duduk didelem gk bisa terlalu pilih2 hrs reservasi dlu,x kesini kecewa dateng kesini karna pilih duduk didelem pilih2 hrs reservasi dlu,1,0,Netral,Positif,False,Netral ➔ Positif
"pesen udang saos padang rasanya ga ada gurih atau apa gitu, cuma rasa sambel doang, rasa cabe. sampe harus minta garem sendiri buat nambah rasa nya 🫠",sen udang saos padang gurih gitu sambel cabe sampe garem nambah nya,0,1,Positif,Netral,False,Positif ➔ Netral
"Makanan dan minuman biasa saja, tidak ada yang istimewa. Mereka menyajikan pesanan dalam waktu lama, sekitar 30 menit, tetapi jika Anda memilih ""prasmanan"" tidak perlu menunggu makanan kecuali jika Anda meminta makanan dipanaskan. Ada musik live dan taman bermain anak-anak. Pemandangan di belakang lumayan bagus, akan jauh lebih baik jika mereka membangun tempat dengan pemandangan gunung.",makan minum istimewa saji pesan 30 menit pilih prasmanan tunggu makan kecuali makan panas musik live taman main anak anak pandang lumayan bagus bangun pandang gunung,1,2,Netral,Negatif,False,Netral ➔ Negatif
"View udah bagus, tp pelayanan nyaa kurang baik, apalagi khusus buat ibu yg tanggal 3 februari beresin glamping pas jam 10, diperbaiki lagi pelayanan nyaa, minus banget attitude ibunyaa duh lebar",view udah bagus tp layan nyaa khusus tanggal 3 februari resin glamping pas jam 10 baik layan nyaa minus attitude ibunyaa duh lebar,0,2,Positif,Negatif,False,Positif ➔ Negatif
"Tolong pihak manajemen segera usut tuntas, 6 januari 2026 pukul -+20.15 istri saya bersihkan badan dan ganti baju d ruang ganti wanita, kebetulan yang terakhir yang ada di ruangan itu, di saat tanpa busana istri saya lihat ke atas ternyata ada yang intip. Mngkin istri saya bukan korban satu"" nya di saat itu.. Di cek cctv kamera tidak mengarah ke arah ruang ganti wanita,kamera hanya merekam sebatas ujung kolam. Jika sampe pelaku merekam adegan intip tersebut dan video nya bocor ke publik, saya akan tuntut. Saya tidak bisa ngomong panjang lebar saat itu karna tidak menemukan bukti untuk melapor. Dan note untuk siapapun pengunjung dan dimanapun berkunjung, harap waspada di tempat umum.",tolong manajemen usut tuntas 6 januari 2026 20 15 istri sih badan ganti baju d ruang ganti wanita ruang busana istri lihat intip mngkin istri korban nya cek cctv kamera arah arah ruang ganti wanita kamera rekam batas ujung kolam sampe laku rekam adegan intip video nya bocor publik tuntut ngomong lebar karna temu bukti lapor note unjung mana kunjung harap waspada,0,1,Positif,Netral,False,Positif ➔ Netral
Baik untuk perawatan kesehatan Anda,awat sehat,2,1,Negatif,Netral,False,Negatif ➔ Netral
Knpa driver bwa rombongn ke papamdayan ga prnh dpt jatah yg 10% ya🤔 …,knpa driver bwa rombongn papamdayan prnh dpt jatah 10,0,2,Positif,Negatif,False,Positif ➔ Negatif
Tidak terlalu mahal,mahal,2,0,Negatif,Positif,False,Negatif ➔ Positif
Tidak ada pasilitas toilet gratis dari pasilitas yang di sediakan. Namun terdapat di warung sekitar berbayar.,pasilitas toilet gratis pasilitas sedia warung bayar,2,1,Negatif,Netral,False,Negatif ➔ Netral
"Kami sekeluarga memesan 3 kamar di tirtagangga hot spring resort. Kondisi kamar lumayan bersih, hanya di salah satu kamar ac nya berbunyi keras sekali, sesudah diperbaiki teknisi (ditempeli lakban) lumayan agak berkurang tapi …",keluarga mes 3 kamar tirtagangga hot spring resort kondisi kamar lumayan bersih salah kamar ac nya bunyi keras baik teknisi tempel lakban lumayan kurang,0,2,Positif,Negatif,False,Positif ➔ Negatif
"Pantainya bagus, tapi sayang kurang terawat, bnyk sampah... Karangnya tajam²...",pantai bagus sayang awat bnyk sampah karang tajam,2,1,Negatif,Netral,False,Negatif ➔ Netral
"Minuman makanan enak2 semua, pelayanan juga ramah dari dateng disambut dan dianterin sampe table, pembayaran dikasir juga cepet walaupun antri bgt kasirnya cepet bgt padahal aku pesen banyak kirain kasirnya bkl puyeng ternyata enggak samsek, buat waitersnya juga ramah semua senyum terus. Cuma makanan lama bgt datengna estimasi 40 menit tapi nunggu ada 1 jam'an",minum makan enak2 layan ramah dateng sambut dianterin sampe table bayar kasir cepet antri kasir cepet sen kirain kasir bkl puyeng samsek waitersnya ramah senyum makan datengna estimasi 40 menit nunggu 1 jam an,2,0,Negatif,Positif,False,Negatif ➔ Positif
"Ramen ketuker, udah diganti katanya, tapi nyatanya engga, topingnya dibawah semua cuman ditambahin bawang daun diatasnya, sy tau ramen yg baru, sama yg udah diaduk krn sy pecinta ramen & sering kesini. Akhirnya sy tinggalin gk dimakan dan g bakal kesini lagi. Thanks",ramen ketuker udah ganti engga topingnya bawah cuman ditambahin bawang daun atas tau ramen udah aduk krn cinta ramen kesini tinggalin makan g kesini thanks,0,2,Positif,Negatif,False,Positif ➔ Negatif
Tempat wisatanya kurang terawat,wisata awat,2,1,Negatif,Netral,False,Negatif ➔ Netral
Sampahnya jangan dimana wae :(,sampah mana wae,2,0,Negatif,Positif,False,Negatif ➔ Positif
"kalo buat photo sih bagus, cuman kurang cocok buat para pendaki.",photo bagus cuman cocok daki,1,2,Netral,Negatif,False,Netral ➔ Negatif
0 peringkat 1/10,0 peringkat 1 10,0,1,Positif,Netral,False,Positif ➔ Netral
Makanan enak fiew bagus untuk foto foto,makan enak fiew bagus foto foto,1,2,Netral,Negatif,False,Netral ➔ Negatif
"Enakeeenn, muraahhh tiket nya",enakeeenn muraahhh tiket nya,2,0,Negatif,Positif,False,Negatif ➔ Positif
Tempat wisatanya kurang terawat,wisata awat,2,1,Negatif,Netral,False,Negatif ➔ Netral
"sebernya untuk kamarnya oke sih,cuman pas minjem hairdryer ,sekelas tirtagangga masa semua hairdryer rusak",sebernya kamar oke cuman pas minjem hairdryer kelas tirtagangga hairdryer rusak,1,2,Netral,Negatif,False,Netral ➔ Negatif
"Langganan kamar rendam dari tarif 40rb, skrg naik jd 55rb per single dgn teknik marketing free handuk dan minuman, padahal dulu 40rb udah plus handuk tanpa minuman.. artinya naik 15rb buat maksa beli minum, mana watunya dr max 1 jam dikurangi jadi max 20 menit.. sangat kecewa..",langgan kamar rendam tarif 40rb skrg jd 55rb single teknik marketing free handuk minum 40rb udah plus handuk minum 15rb maksa beli minum watu max 1 jam rang max 20 menit kecewa,1,0,Netral,Positif,False,Netral ➔ Positif
Makan malam ber 8 cari2 menu favorit eh ada sop kaki. Selebihnya bernuansa sunda,makan malam ber 8 cari2 menu favorit eh sop kaki lebih nuansa sunda,1,2,Netral,Negatif,False,Netral ➔ Negatif
hari apes gaada di kalender wk,apes gaada kalender wk,2,0,Negatif,Positif,False,Negatif ➔ Positif
Masa iya dapet bonus rambut di minuman,iya dapet bonus rambut minum,1,0,Netral,Positif,False,Netral ➔ Positif
B aja.. Menang di iklan dan medsos,b menang iklan medsos,1,0,Netral,Positif,False,Netral ➔ Positif
"Mencoba family gathering di hotel tirtagangga sengaja booking kamar sebulan sebelumnya karna pesan total 8 kamar. Dapet yg standart dan superior. Lumayan harganya mungkin karna high season juga di tgl 27-28 Des 2025. Karna datang kepagian sampe jam 13.00 masih belum dikasih kunci. Ngerti sih karna checkin nya jam 14.00. Tapi untuk akses ke kolam udah bisa. Kebetulan dapat kamar digedung yg dekat dgn kolam, dan satu lantai sama kami semua jadi enak serasa booking satu gedung. Untuk kamarnya bersih, ACnya nyala dan dingin. dapet gift vocer makan malam sekamar 1 pax, untuk tambahan kena 80k /paxnya. Dapet vocer kids activity juga, Lumayan jadi anak2 ada kegiatan sebelum pulang. Menu makan malam nya enak, ada pasta dan nasgornya. Untuk menu breakfast banyak pilihannya cuma sayurnya overcooked. Yg lainnya enak2. Kolamnya ada dua kolam terapi dan kolam fun. Dua2nya hangat dan panas. Overall nginap di tirtagangga worth it sih 👍",coba family gathering hotel tirtagangga sengaja booking kamar bulan karna pesan total 8 kamar dapet standart superior lumayan harga karna high season tgl 27 28 des 2025 karna pagi sampe jam 13 00 kasih kunci ngerti karna checkin nya jam 14 00 akses kolam udah kamar gedung kolam lantai enak serasa booking gedung kamar bersih acnya nyala dingin dapet gift vocer makan malam kamar 1 pax tambah kena 80k paxnya dapet vocer kids activity lumayan anak2 giat pulang menu makan malam nya enak pasta nasgornya menu breakfast pilih sayur overcooked enak2 kolam kolam terapi kolam fun dua2nya hangat panas overall nginap tirtagangga worth it,2,0,Negatif,Positif,False,Negatif ➔ Positif
makanan lengkapp,makan lengkapp,2,0,Negatif,Positif,False,Negatif ➔ Positif
"sepatu bagus, harganya affordable, pelayanannya baik,tp males ah dulu pernah kesini bareng mantan",sepatu bagus harga affordable layan tp males ah kesini bareng mantan,0,2,Positif,Negatif,False,Positif ➔ Negatif
Dateng k sini MLM hari.. yg beli ga banyak tpi Dateng sate na terlalu lam sekitar 40 menitan.. daging nya keras tengkleng da bau domba,dateng k mlm beli tpi dateng sate na lam 40 menit daging nya keras tengkleng da bau domba,1,0,Netral,Positif,False,Netral ➔ Positif
"Ini adalah tempat populer untuk makan siang atau makan malam. Menurut saya, rasa makanannya biasa saja. Tapi mereka menjual dimsum dengan harga terlalu mahal, 5.000/potong, staf hanya menawarkan tanpa memberikan informasi harga. Dan rasa dimsumnya sudah dingin, menurut saya terlalu mahal. Saya memesan paket ikan nila untuk 4 orang, ketika sampai ternyata porsinya lebih dari 4 orang, jadi porsinya besar.",populer makan siang makan malam makan jual dimsum harga mahal 5 000 potong staf tawar informasi harga dimsumnya dingin mahal mes paket ikan nila 4 orang porsi 4 orang porsi,1,0,Netral,Positif,False,Netral ➔ Positif
Saya hanya perlu meningkatkan perawatan termasuk pengelolaan sampah agar nyaman👍👍 …,tingkat awat kelola sampah nyaman,2,1,Negatif,Netral,False,Negatif ➔ Netral
Dulu gratis masuk skrg byr tp harganya ga sesuai ya. Per org 20rb krn dianggap libur khusus tanpa fasilitas yg menarik. Ga ada playground. Foodcourt sepi . Skluarga kalau 10org hrs kluar uang 200rb tanpa benar2 menikmati area. Kalau weekend bukan libur khusus biaya masuk 15rb,gratis masuk skrg byr tp harga sesuai org 20rb krn anggap libur khusus fasilitas tarik playground foodcourt sepi skluarga 10org hrs kluar uang 200rb benar2 nikmat area weekend libur khusus biaya masuk 15rb,0,2,Positif,Negatif,False,Positif ➔ Negatif
"Penasaran pengen coba, akhirnya kesana sendiri. * Tempatnya masuk kedalem,untuk parkir motor bisa ke dalem. * Pelayanan cepat * Rasa makanannya lumayan, sambel nya menurut aku kurang nendang * Untuk harga menurut aku mahal",penasaran ken coba kesana tempat masuk dalem parkir motor dalem layan cepat makan lumayan sambel nya nendang harga mahal,2,1,Negatif,Netral,False,Negatif ➔ Netral
Layanan makanan terlalu lama menunggu,layan makan tunggu,1,2,Netral,Negatif,False,Netral ➔ Negatif
Terbaik suasananya hanya saja tiket kemahalan. So far ok sih...,baik suasana tiket mahal so far ok,2,1,Negatif,Netral,False,Negatif ➔ Netral
Situ nya kurang terawat banyak bunga macam teratai di bersihkan adanya orang pada mancing di setu,nya awat bunga teratai sih orang mancing setu,2,0,Negatif,Positif,False,Negatif ➔ Positif
tempat nya enak view nya bagus tapi pengawas perosotan gak ramah kayak gak iklas suka marah marah gak jelas,nya enak view nya bagus awas perosot ramah kayak iklas suka marah marah,0,2,Positif,Negatif,False,Positif ➔ Negatif
Pelayanan baik 👍 …,layan,2,0,Negatif,Positif,False,Negatif ➔ Positif
Jarang yang tau Pak Nur adalah adiknya haji Yetti sate Maranggi Cikampek,jarang tau nur adik haji yetti sate maranggi cikampek,2,0,Negatif,Positif,False,Negatif ➔ Positif
"Langganan ke sini dan selalu dua hal ini yang selalu aku sayangkan. (1) Kamar bilasnya ga ada yg bener. Showernya rusak semua, airnya cuma sedikit hangat dan ga kunjung diperbaiki. (2) Lagunya itu.. kalo ga lagu macam mau dipakai pentas pencak silat, nyalainnya dangdut, hiphop, lagu-lagu yang bikin pening aja semua dan tidak healing friendly. Ga bermaksud mencela selera staffnya ya, tapi mungkin bisa disesuaikan nuansanya sama nuansa liburan.",langgan sayang 1 kamar bilas bener showernya rusak air hangat kunjung baik 2 lagu lagu pakai pentas pencak silat nyalainnya dangdut hiphop lagu lagu bikin pening healing friendly cela selera staffnya sesuai nuansa nuansa libur,0,2,Positif,Negatif,False,Positif ➔ Negatif
Tempat yang bagus penenang qolbu,bagus tenang qolbu,0,2,Positif,Negatif,False,Positif ➔ Negatif
banyak pungli😂 …,pungli,1,0,Netral,Positif,False,Netral ➔ Positif
"Udah hampir 6tahun baru kesini lagi, dan makanannya sangat jauh dari yg dulu, pesen paket liwet nasi,ayam bakar,tahumendoan,tahu,asin SEMUA DINGIN GAK ADA YANG PANAS/ANGET kecuali minuman TEH NYA SANGET PANAS. perut lg laper bgt jauh dari ekspektasi!!! Terus pelayanan kasir kurang sesudah ngasih struk harusnya bilang terimakasih ini engga ada. Malah sibuk ngemil mulutnya. Sekian pengalaman saya di 2026",udah 6tahun kesini makan sen paket liwet nasi ayam bakar tahumendoan asin dingin panas anget kecuali minum teh nya sanget panas perut lg laper ekspektasi layan kasir ngasih struk bilang terimakasih engga sibuk ngemil mulut sekian alam 2026,1,0,Netral,Positif,False,Netral ➔ Positif
Mantaap Hebaaat,mantaap hebaaat,1,2,Netral,Negatif,False,Netral ➔ Negatif
"Ambiance bagus, service bagus, review bagus TAPI…..makanannya sungguh mengecewakan, berasa kena fraud. Kami pesan: Buntut kebakaran (2.5 out of 5) ga ada sambal harus minta dulu, buntutnya kaya buntut trus dikasi kecap lalu dibakar. Dan tidak empuk Nasi goreng hijau (2 out of 5) sungguh sangat sangat asin sekali hanya bisa makan 4 sendokan masih sisa banyak Nasi gila (2.5 out of 5) ini bukan nasi gila lebih tepatnya nasi siram asam manis Pisang bakar keju coklat (0 out of 5) kak, masa pisang muda dibakar si. Satu kali gigit SEPET bgt ga ilang itu rasa sepet di mulut bikin trauma. Baru kali ini saya makan pisang bakar bisa segagal itu. Yang bagus cuma servis dan ambiance.",ambiance bagus service bagus review bagus makan sungguh kecewa asa kena fraud pesan buntut bakar 2 5 out of 5 sambal buntut kaya buntut trus kasi kecap bakar empuk nasi goreng hijau 2 out of 5 sungguh asin makan 4 sendokan sisa nasi gila 2 5 out of 5 nasi gila tepat nasi siram asam manis pisang bakar keju coklat 0 out of 5 kak pisang muda bakar si kali gigit sepet ilang sepet mulut bikin trauma kali makan pisang bakar gagal bagus servis ambiance,0,1,Positif,Netral,False,Positif ➔ Netral
"Tempatnya bagus, adem. Sayangnya, setiap kesini selalu ada yg nyanyi2 pakai mic. Mungkin beda cara ya menikmati akhir pekan, tapi saya lebih suka menikmati alam sambil bawa buku bacaan, ngobrol dengan pasangan, atau mendengar suara alam, bukan nyanyi2 kencang. Disini ada tempat camping juga, sewa atv, dan area foto berbayar. Makanannya standar, sedikit mahal tapi ya mungkin karena di tempat wisata. Ada tiket masuk kesini, jangan lupa minta karcisnya biar tidak jadi pungli.",tempat bagus adem sayang kesini nyanyi2 pakai mic beda nikmat pekan suka nikmat alam bawa buku baca ngobrol pasang dengar suara alam nyanyi2 kencang camping sewa atv area foto bayar makan standar mahal tiket masuk kesini lupa karcis pungli,2,0,Negatif,Positif,False,Negatif ➔ Positif
TIDAK DISARANKAN UNTUK MAKAN DI SINI...,saran makan,0,2,Positif,Negatif,False,Positif ➔ Negatif
Tempat Oke tapi harus sabar yaa..pesan Pkl 11.30 Wib sampai Pkl 13.30 Wib makanan blm datang jg wkwkwk yauda cari tempat lain aja,oke sabar yaa pesan pkl 11 30 wib pkl 13 30 wib makan blm jg wkwkwk yauda cari,0,2,Positif,Negatif,False,Positif ➔ Negatif
Sayang sudah kurang terawat,sayang awat,2,1,Negatif,Netral,False,Negatif ➔ Netral
Secara keseluruhan kondisi baik dan pelayanan baik,kondisi layan,2,0,Negatif,Positif,False,Negatif ➔ Positif
"Konon katanya pernah kumuh, lalu disulap jd ruang terbuka hijau dan sempat menambah penghasilan daerah, namun kini nampak kembali kumuh, terkait ijin perpanjang kontrak yang belum disetujui, sayang skali deh klo beneran jd kumuh lagi😊😊😊😊 …",konon kumuh sulap jd ruang buka hijau tambah hasil daerah nampak kumuh kait ijin panjang kontrak tuju sayang skali klo beneran jd kumuh,2,1,Negatif,Netral,False,Negatif ➔ Netral
Aku kemaren kesana tapi malah hilang anting dan baju ketinggalan di toilet perjalanan 9 jam kejebak macet sampe masuk berita,kemaren kesana hilang anting baju tinggal toilet jalan 9 jam jebak macet sampe masuk berita,2,0,Negatif,Positif,False,Negatif ➔ Positif
"View ok , air ny ga terlalu panas ternyata. Di tenda nya ga di kasih colokan,agak susah mau nge cas hp harus ikut ke warung, Sinyal juga susah, makanan cafe ok lah, tiket masuk murah tp kalo untuk kemping mending bawA perlengkapan dr rmh,,",view ok air ny panas tenda nya kasih colok susah nge cas hp warung sinyal susah makan cafe ok tiket masuk murah tp kemping mending bawa lengkap rmh,1,2,Netral,Negatif,False,Netral ➔ Negatif
"Makan siang di sini waktu ke Garut Minggu kemarin. Model makannya prasmanan, sate Maranggi dan gepuk nya enak banget, empuk dan bumbunya merasa dpt dua saus, saus kacang dan kecap, tapi tidak dengan terong balado dan sambal terasi nya, not rekomend, mahal. Cangkir kalengnya sebaiknya diganti sudah banyak yg berkarat didalamnya.Saran utk makanan yg diantar seperti pesanan saya kemarin, agar customer di kasih nomor tunggu yg diletakkan di meja seperti di restoran fastfood, biar pelayan nya nggak bolak balik cari cari. Kalau tidak saya tegur pelayannya sampai sore bakalan jalan terus. Parkiran luas, bisa parkir di belakang kalau didepan penuh.ada musholla nya juga. Tapi saat hujan akses ke parkiran belakang banjir,perlu di perhatikan utk akses orang ke kendaraan saat hujan.",makan siang minggu kemarin model makan prasmanan sate maranggi gepuk nya enak empuk bumbu dpt saus saus kacang kecap terong balado sambal terasi nya not rekomend mahal cangkir kaleng ganti karat dalam saran makan antar pesan kemarin customer kasih nomor tunggu letak meja restoran fastfood layan nya nggak bolak cari cari tegur layan sore jalan parkir luas parkir depan penuh musholla nya hujan akses parkir banjir perhati akses orang kendara hujan,2,0,Negatif,Positif,False,Negatif ➔ Positif
Ternyata udah tutup,udah tutup,0,1,Positif,Netral,False,Positif ➔ Netral
"Tempat enak, air ada yang panas dan hanget cuman klo beli makan , di kerumi lalat jadi terganggu tolong kebersihan nya agar tidak ada lalat",enak air panas hanget cuman klo beli makan rum lalat ganggu tolong bersih nya lalat,2,0,Negatif,Positif,False,Negatif ➔ Positif
Bandung,bandung,0,2,Positif,Negatif,False,Positif ➔ Negatif
"Tempat dan suasana enak nyaman, makanan enak dengan harga yang terjangkau, cuman sayang saat minta sambal tambahan ditunggu tidak juga datang sampai nasi habis, baru pelayan nya datang menanyakan pesanan saya, jadi bete ... Tadinya mau kasih bintang 5",suasana enak nyaman makan enak harga jangkau cuman sayang sambal tambah tunggu nasi habis layan nya pesan bete kasih bintang 5,1,2,Netral,Negatif,False,Netral ➔ Negatif
Keamanan kurang... banyak kasus barang bawaan hilang bahkan kendaraan,aman barang bawa hilang kendara,0,2,Positif,Negatif,False,Positif ➔ Negatif
"CUman bisa parkir vallet kata satpamnya, masuk bayar 50k (berenang ga berenang tetap bayar)",cuman parkir vallet satpam masuk bayar 50k renang renang bayar,2,1,Negatif,Netral,False,Negatif ➔ Netral
"Tempatnya bagus, pemandangan nya bagus, luas, ada Playground, tp makannya rasanya kurang enak, spageti aglio aneh rasanya, kalo gabisa masak spageti yauda jangan dijual atuh, ayam bakarnya bumbunya gak meresap, yg mendingan rasanya sayur asem dan ayam garang asam",tempat bagus pandang nya bagus luas playground tp makan enak spageti aglio aneh gabisa masak spageti yauda jual atuh ayam bakar bumbu resap mending sayur asem ayam garang asam,1,2,Netral,Negatif,False,Netral ➔ Negatif
"Air mati, menu tidak lengkap, order terpisah2 dan jauh",air mati menu lengkap order terpisah2,0,2,Positif,Negatif,False,Positif ➔ Negatif
"GK sesuai harapan ,banyak bangunan yg udh rusak",sesuai harap bangun udh rusak,0,1,Positif,Netral,False,Positif ➔ Netral
"Gak semua menu nya keluar, tergantung jam² tertentu, udah pengen yg nasi paru, ternyata baru ready buat makan siang aja diatas jam 11",menu nya gantung jam udah ken nasi paru ready makan siang atas jam 11,1,2,Netral,Negatif,False,Netral ➔ Negatif
"Suasana nya adem, sejuk, nyaman, dan terasa aman, tidak banyak pungli, cukup parkir dan karcis sudah, tempatnya bersih, ada fotograper juga. sangat focok tempat hunting foto keluarga dan pasangan. kalau saya ga lupa , hari biasa tiket 17500 hari libur dan minggu 20 ribu, parkir 5 ribu, kemudian tarif potografer, kalo ga salah ada minimalnya, kalo sedikit 15 ribu per foto, kalo banyak kurang lebih 25 atau lebih lah kayanya, harganya 3 ribu per foto, dilarang bawa makanan kalo ga salah,",suasana nya adem sejuk nyaman aman pungli parkir karcis tempat bersih fotograper focok hunting foto keluarga pasang lupa tiket 17500 libur minggu 20 ribu parkir 5 ribu tarif potografer salah minimal 15 ribu foto 25 kaya harga 3 ribu foto larang bawa makan salah,2,0,Negatif,Positif,False,Negatif ➔ Positif
"Sampah dan lalatnya bikin GK nyaman,semoga kedepan kebersihan nya lebih di tingkatkan lagi",sampah lalat bikin nyaman moga depan bersih nya tingkat,2,0,Negatif,Positif,False,Negatif ➔ Positif
Kamar mandinya tolong dong dibenerin. Bau taunya nusuk sampe ke kamar,kamar mandi tolong dibenerin bau tau nusuk sampe kamar,1,0,Netral,Positif,False,Netral ➔ Positif
"Tempat yang cukup nyaman untuk beristirahat n makan. Rasa makanan biasa aja menurut selera saya, harga cukup terjangkau, penyajian makanan cukup menarik, porsi standar. Pelayanan cukup cepat, kalaupun antri nda perlu nunggu lama. Ada tempat sholat yang bersih n tempat bermain untuk anak balita. Toilet jg cukup bersih waktu saya datang.",nyaman istirahat n makan makan selera harga jangkau saji makan tarik porsi standar layan cepat antri nda nunggu sholat bersih n main anak balita toilet jg bersih,1,2,Netral,Negatif,False,Netral ➔ Negatif
"sekarang kurang bersih masa timun nya ada tanah nya sm lalapan nya kotor, Gelas nya juga kaya bekas jus alpuket sedangkan sy beli jus strawberry, tolong karyawan nya dipantau lagi kebersihan nya Sy biasa kalau ke garut pasti mampir di asep strawberry tp klo kebersihan nya menurun jd enggan datang lagi",bersih timun nya tanah nya sm lalap nya kotor gelas nya kaya bekas jus alpuket beli jus strawberry tolong karyawan nya pantau bersih nya mampir asep strawberry tp klo bersih nya turun jd enggan,0,1,Positif,Netral,False,Positif ➔ Netral
Pelayanan baik 👍 …,layan,2,0,Negatif,Positif,False,Negatif ➔ Positif
"Datang jam 8 pagi, ternyata sudah bisa dilayani walaupun jam buka berdasarkan google maps adalah jam 9. Pelayanan yang menyenangkan",jam 8 pagi layan jam buka dasar jam 9 layan senang,2,0,Negatif,Positif,False,Negatif ➔ Positif
"Banyak menu yg habis saya tau dan ngerti habis high season atau lebaran pasti semua resto ramai tapi ini saya datang kesini di weekday dan sudah beres high seasonnya. Seharusnya bahan baku yg habis segera cepat tersedia kembali, harus lebih di evaluasi iya untuk manajemennya",menu habis tau ngerti habis high season lebaran resto ramai kesini weekday beres high seasonnya bahan baku habis cepat sedia evaluasi iya manajemen,0,1,Positif,Netral,False,Positif ➔ Netral
Untuk semuanya oke. Tapi mungkin lain kali di kasih info kalau TOILET khusus org yg pengen BAK atau BAB. Bukan untuk MANDI / BILAS . karna kamar bilas kan udah ada banyak ya. Cuma org2nya aja yg males antri. Bsk bsk coba dikasih info KERTAS BESAR DI TOILETNYA. Atau ada yg jaga didepan toilet .,oke kali kasih info toilet khusus org ken bak bab mandi bilas karna kamar bilas udah org2nya males antri bsk bsk coba kasih info kertas toilet jaga depan toilet,2,1,Negatif,Netral,False,Negatif ➔ Netral
"gulainya gak ada dagingnya malah jeroan semua dan yang paling enggak ada bagian mata dong mana matanya di belah, aduh! kesini gara gara influencer, di video dagingnya besar2 pas dateng biasa aja ukuranya, untuk rasa satenya enak sih , buat yang penasarn boleh di coba tapi untun ke 2 kalinya mungkin enggak, cmiww",gulai daging jeroan mata mata belah aduh kesini gara gara influencer video daging besar2 pas dateng ukuranya sate enak penasarn coba untun 2 kali cmiww,0,2,Positif,Negatif,False,Positif ➔ Negatif
"langganan kesini dari dulu masih di jalan samarang semenjak pindah ke tempat baru pelayanan jadi ngaco, makanan sudah tidak seenak dulu, kurang rasa kurang bumbu kopinya masih seperti dulu ga enak pelayanan kurang baik sudah tidak seperti dulu",langgan kesini jalan samarang semenjak pindah layan ngaco makan enak bumbu kopi enak layan,0,2,Positif,Negatif,False,Positif ➔ Negatif
Banyak lalat,lalat,1,0,Netral,Positif,False,Netral ➔ Positif
"Banyak sarana sdh tidak terawat, dan sdh tutup tapi puntu masuk sarana dibuka shg bisa sekedar foto2",sarana sdh awat sdh tutup puntu masuk sarana buka shg dar foto2,1,0,Netral,Positif,False,Netral ➔ Positif
Pelayanan baik 👍 …,layan,1,0,Netral,Positif,False,Netral ➔ Positif
"Tempat oke, tapi rasa makanan kurang sesuai selera, karena dominan manis Sambal, tumis kangkung manis Tumis jambal pete, jambalnya asinn sekali Ikan asin pedanya juga super asin",oke makan sesuai selera dominan manis sambal tumis kangkung manis tumis jambal pete jambal asinn ikan asin peda super asin,1,2,Netral,Negatif,False,Netral ➔ Negatif
"Definisi confort food tiap kesini pasti pesan menu yang sama terus. Kuahnya rich, outentik dan tingkat kematangan mienya pas banget. Bakal balik lagi lagi lagi dan lagi!!!",definisi confort food kesini pesan menu kuah rich outentik tingkat matang mienya pas,2,1,Negatif,Netral,False,Negatif ➔ Netral
"Entahlah, sudah rezeki RM Mg Iki mungkin, dari jauh kesini sendirian : 1. Rasa makanan & sambel relatif biasa, nasi & gepuknya keras 2. Tempat pinggir gang & rel, dekat pasar, banyak kucing, pedagang, pengamen & k-o-t-o-r. 3. Harga pricey alias over sih, jukut, nasi & gepuk 38k bonus air teh & lalapan. 4. Owner/kasir sptnya kurang ramah, jika waiters kebalikannya. 5. Plus-nya, ada yg dituju jika mo ke Garut edisi Gabut Cmiiw",rezeki rm mg iki kesini 1 makan sambel relatif nasi gepuk keras 2 pinggir gang rel pasar kucing dagang amen k o t o r 3 harga pricey alias over jukut nasi gepuk 38k bonus air teh lalap 4 owner kasir sptnya ramah waiters balik 5 plus nya tuju mo edisi gabut cmiiw,1,2,Netral,Negatif,False,Netral ➔ Negatif
Jalan rusak parah yg sy kecewa pelayanan kurang memuaskan pengalaman pertama dan terakhir,jalan rusak parah kecewa layan muas alam,0,2,Positif,Negatif,False,Positif ➔ Negatif
"Pada saat memilih menu katanya ayam pejantan, namun yang datang ayam negeri. Selera makan kami jadi hilang, sudah minta diganti tetapi hanya diganti satu. Makanan masih utuh tidak jadi kami makan, kami hanya minum minuman yang kami pesan.",pilih menu ayam jantan ayam negeri selera makan hilang ganti ganti makan utuh makan minum minum pesan,0,2,Positif,Negatif,False,Positif ➔ Negatif
pantainya banyak jamet,pantai jamet,0,2,Positif,Negatif,False,Positif ➔ Negatif
Kebersihan yang buruk,bersih buruk,1,0,Netral,Positif,False,Netral ➔ Positif
Dari suasana hingga pelayanan bintang 5 semua. Untuk makanan saya bintang 4 ya . Soalnya saya beli gurame crispy tidak disajikan dengan sambelnya. Akhirnya saya pesan lg secara terpisah sambel nya dengan harga 15rb,suasana layan bintang 5 makan bintang 4 beli gurame crispy saji sambelnya pesan lg pisah sambel nya harga 15rb,2,1,Negatif,Netral,False,Negatif ➔ Netral
"kesan angkerny masih kental,karena terang sendirian, sementara lampu jalan dan stasiunnya gelap dalih efisiensi. ya kau bilanglah ke manager stasiun, suruh bikin ambience dan atmosphere yg asik, msalah bintang, foodny sya kasih bintang 5",kesan angkerny kental terang lampu jalan stasiun gelap dalih efisiensi kau bilang manager stasiun suruh bikin ambience atmosphere asik msalah bintang foodny sya kasih bintang 5,1,2,Netral,Negatif,False,Netral ➔ Negatif
Halo Bandung,halo bandung,0,2,Positif,Negatif,False,Positif ➔ Negatif
Akses jalan lumayan jauh...enak buat dowhill,akses jalan lumayan enak dowhill,0,2,Positif,Negatif,False,Positif ➔ Negatif
Tempat wisata alam wajib dikunjungi warga garut,alam wajib kunjung warga,1,2,Netral,Negatif,False,Netral ➔ Negatif
"Makanan enak , tapi nunggu buat tempatt lama sama datang makanannya lama 🙏🏻",makan enak nunggu tempatt makan,1,2,Netral,Negatif,False,Netral ➔ Negatif
"Makanannya enak, ayam bakakanya mantap.",makan enak ayam bakakanya mantap,1,2,Netral,Negatif,False,Netral ➔ Negatif
"Tempatnya nyaman, makanan lumayan enak worth it ,cuman pelayanan sangat kurang karyawannya kurang gercep air minum, nasi lauk pauk yg buat prasmanan semua di biarkan kosong tidak cepat di refil .sayang bgt next mohon di tingkatkan kembali pelayanannya ya .",tempat nyaman makan lumayan enak worth it cuman layan karyawannya gercep air minum nasi lauk pauk prasmanan biar kosong cepat refil sayang next mohon tingkat layan,1,2,Netral,Negatif,False,Netral ➔ Negatif
"Kurang terurus,,",urus,0,1,Positif,Netral,False,Positif ➔ Netral
Kurang rapih,rapih,1,2,Netral,Negatif,False,Netral ➔ Negatif
"Vew oke, kolam air panas oke.. receptionis jg ramah, hanya room tidak sesua dengan harga yang si tawarkan, yg parahnya lagi saya dikasih room yg memang tidak ada pengunjung yg menginap disana dan benar2 sendiri.. pada saat saya mau tidur saya kunci pintu kamar, tp yg bikin saya kaget pintu sudah terbuka sendiri dan tv sidah mati sendiri.. dan saya gk sadar selama saya tertidur dengan pintu terbuka sampai pagi. Apakah sudak ada orang yg memang masuk kedalam room untuk yg memang ada tamunya untuk mematikan tv atau lampu tanpa ijin customer?",vew oke kolam air panas oke receptionis jg ramah room sua harga si tawar parah kasih room unjung inap sana benar2 tidur kunci pintu kamar tp bikin kaget pintu buka tv sidah mati sadar tidur pintu buka pagi sudak orang masuk dalam room tamu mati tv lampu ijin customer,0,2,Positif,Negatif,False,Positif ➔ Negatif
Sayangnya kurang terawat Akses dan promosi sebaiknya di gencarkan,sayang awat akses promosi gencar,2,1,Negatif,Netral,False,Negatif ➔ Netral
"Semua masakannya agak manis.kebetulan Aku suka asin,asam,pedas.",masakan manis suka asin asam pedas,1,2,Netral,Negatif,False,Netral ➔ Negatif
makanan enak2 tapi tiap kesini lamaa bgt dtgnya🙃,makan enak2 kesini lamaa dtgnya,0,2,Positif,Negatif,False,Positif ➔ Negatif
"Pinggir pantai gak ke urus karena banyak sampah,",pinggir pantai urus sampah,0,1,Positif,Netral,False,Positif ➔ Netral
Di kamar banyak runtuhan semut dari plafon. Maaf ya …🙏🏻,kamar runtuh semut plafon maaf,1,0,Netral,Positif,False,Netral ➔ Positif
"Indah banget air terjunnya, cuma jalanan menuju ke lokasinya disebut rusak banget ya engga, turunannya sangat curam, penjaga tiketnya bilang jam 8 bukanya, padahal jam 7 di google mapsnya 😌, per orang bayar 10rb, sama parkir 5rb, kalau airnya deras bisa sampe saung2nya jalannya licin",indah air terjun jalan lokasi rusak engga turun curam jaga tiket bilang jam 8 buka jam 7 mapsnya orang bayar 10rb parkir 5rb air deras sampe saung2nya jalan licin,2,0,Negatif,Positif,False,Negatif ➔ Positif
Sepertinya bbrp kandangnya kurang proper,bbrp kandang proper,1,2,Netral,Negatif,False,Netral ➔ Negatif
"Ga worth it bgttt, harga lumayan tapi kolam kecil dukdek, kotor, airnya kurang anget, tempat bilas airnya dinginn bisa dibayangin sedingin apa abis renang di kolam anget bilasnya pake air dingin. Dari hampir semua kolam renang di cipanas yg udah didatengin ini yg paling ga worth it dgn harga 30rb. Ada ibu2 dari bandung juga kukulutus ga akan kesini lagi katanya😂 tolong semuanya diperbaiki dgn harga 30rb harusnya lebih bagus sih",worth it bgttt harga lumayan kolam dukdek kotor air anget bilas air dinginn dibayangin sedingin abis renang kolam anget bilas pake air dingin kolam renang cipanas udah didatengin worth it harga 30rb ibu2 bandung kukulutus kesini tolong baik harga 30rb bagus,1,0,Netral,Positif,False,Netral ➔ Positif
Trima kasih sudah mambantu kami,trima kasih mambantu,2,0,Negatif,Positif,False,Negatif ➔ Positif
Jalan nya jelek,jalan nya jelek,2,0,Negatif,Positif,False,Negatif ➔ Positif
"Sulit parkir, pelayanan kurang ramah, makanan enak",sulit parkir layan ramah makan enak,1,2,Netral,Negatif,False,Netral ➔ Negatif
Perlu banyak perbaikan. Masih minim fasilitasnya,baik minim fasilitas,1,2,Netral,Negatif,False,Netral ➔ Negatif
"Overall, senang sekali bisa nginep di sini. Aku stay 4 hari 3 malam. Kelebihan: 1. Harga make sense. Dgn 500rb per malam, kamar Damascena bisa buat 2 orang tamu, include sarapan, kamar bahkan toilet spacious, ada beranda dengan kursi dan meja besar untuk bersantai, dengan mountain & garden view, amenities lengkap, kasur queen size, ada TV kabel dengan channel yg cukup beragam (meski tidak banyak saluran internasional), air lancar, water heater berfungsi baik. 2. Ada afternoon snack (pisang goreng dgn porsi cukup + teh mawar panas), walau sayang menunya monoton. Tidak ganti sama sekali. 3. Ada resto dengan harga wajar yang buka dari jam 10 pagi sampai 9 malam. Dekat dari kamar, jadi bisa makan ots atau minta diantar ke kamar. 4. Taman bunga luas dengan beragam tanaman yang indah. Cocok buat grounding, bersantai, atau bahkan berjemur pagi (kalau cuaca cerah). 5. Selama stay tidak diminta uang deposit. Kekurangan: 1. Berhubung dikelilingi taman & ada di area perkebunan, banyak sekali lalat di mana-mana. Tentunya bukan karena tempatnya kotor, tapi memang area tempat banyak lalat bunga & lalat buah hidup. 2. Areanya agak terpencil. Di saat cuaca jelek dan sudah malam atau jam rawan macet, cukup sulit dapat taksi online mobil. 3. Menu sarapan monoton. 4. Tidak ada hair dryer di kamar, tapi pihak penginapan mengizinkan penghuni meminjam (tapi aku belum pernah coba, jadi entah betulan bisa atau nggak) 5. Di kamarku, wifi lemah sekali. Jadi aku akan kasih bintang sempurna, tapi untuk penginapan tolong TINGKATKAN pelayanan ya: -Kecepatan internet dinaikkan. -Bersihkan menyeluruh (tidak hanya permukaan) karena aku nemuin sampah makanan penghuni sebelumnya di dalam laci. -Mungkin bisa cari inovasi supaya lalat di beranda tidak sebanyak sekarang (barangkali ada teknik tertentu? soalnya gatal kalau lagi bersantai dan dikerubungi) -Pastikan taplak meja di resto bersih ya. Selama 4 hari di sana, taplak mejanya seperti tidak dicuci. -Terakhir, tolong pastikan semua tim welcome juga dengan pengunjung, apalagi pengunjung bicara baik-baik. Kemarin aku sempat hampir tidak dapat afternoon snack, padahal MASIH MENGINAP, dengan alasan (dari tim resto) kami tidak sedang di kamar. Tapi setelah aku telp, untungnya makanan diantarkan, karena memang sudah jadi hak aku sebagai penghuni kamar (sudah include di biaya yg aku lunasi sejak day 1 menginap). Thanks. Will recommend it to my friends and family.",overall senang nginep stay 4 3 malam lebih 1 harga make sense 500rb malam kamar damascena 2 orang tamu include sarap kamar toilet spacious beranda kursi meja santa mountain garden view amenities lengkap kasur queen size tv kabel channel agam salur internasional air lancar water heater fungsi 2 afternoon snack pisang goreng porsi teh mawar panas sayang menu monoton ganti 3 resto harga wajar buka jam 10 pagi 9 malam kamar makan ots antar kamar 4 taman bunga luas agam tanam indah cocok grounding santa jemur pagi cuaca cerah 5 stay uang deposit kurang 1 hubung keliling taman area kebun lalat tempat kotor area lalat bunga lalat buah hidup 2 area pencil cuaca jelek malam jam rawan macet sulit taksi online mobil 3 menu sarap monoton 4 hair dryer kamar inap izin huni pinjam coba betul nggak 5 kamar wifi lemah kasih bintang sempurna inap tolong tingkat layan cepat internet naik sih muka nemuin sampah makan huni laci cari inovasi lalat beranda barangkali teknik gatal santa rubung pasti taplak meja resto bersih 4 taplak meja cuci tolong pasti tim welcome unjung unjung bicara kemarin afternoon snack inap alas tim resto kamar telp untung makan antar hak huni kamar include biaya lunas day 1 inap thanks will recommend it to my friends and family,2,1,Negatif,Netral,False,Negatif ➔ Netral
"Cocok buat tempat makan keluarga, ada area bermain untuk anak anak juga, Untuk makanya Enak enak lah kecuali Semua Ramenya, klo memank mau makan ramen sebaiknya ke kompetitor aja, Ingat menu mereka banyak yg enak kok asal jngn Pilih Ramen nya aja",cocok makan keluarga area main anak anak enak enak kecuali ramenya klo memank makan ramen kompetitor menu enak jngn pilih ramen nya,1,2,Netral,Negatif,False,Netral ➔ Negatif
Tempat kurang terawat,awat,2,1,Negatif,Netral,False,Negatif ➔ Netral
"Yang udah laper jgn ke sini krn lamaaaaaaaaaaaa bangeeeettttt makanan keluarnya, almost 50 menit. Alesannya lg ada event tp kan harusnya kitchen ditambah yaaa kalo tau lg ada event. Rasanya sbnrnya ok, tp kecil porsinya. Ambiance ok, pelayanan ok apalagi satpam nya sangatt2 helpful.",udah laper jgn krn lamaaaaaaaaaaaa bangeeeettttt makan keluar almost 50 menit alesannya lg event tp kitchen tambah yaaa tau lg event sbnrnya ok tp porsi ambiance ok layan ok satpam nya sangatt2 helpful,0,2,Positif,Negatif,False,Positif ➔ Negatif
"Tahun 2024 BLN Maret ke sana duuh jln nya jelek rembet di atas nya jg ga ke urus udah PD jelek tembok2 nya trs bala banget ,coba klu di rawat trs jln nya di bikin yg lurus di bagusin pasti Rame pengunjung penziarah , saya juga ky nya akan sering ziarah ke uyut Ratu Ratna Intan Dewata",2024 bln maret duuh jln nya jelek rembet nya jg urus udah pd jelek tembok2 nya trs bala coba klu rawat trs jln nya bikin lurus bagusin rame unjung ziarah ky nya ziarah uyut ratu ratna intan dewata,1,0,Netral,Positif,False,Netral ➔ Positif
"Minggu, 5 Juli 2026 Saya pergi ke sana, setelah bermain di Taman Air Sabda Alam Area kamar mandi memiliki air yang sangat sedikit dan banyak sampah berserakan, letaknya tepat di sebelah kolam ombak",minggu 5 juli 2026 pergi main taman air sabda alam area kamar mandi milik air sampah sera letak belah kolam ombak,1,2,Netral,Negatif,False,Netral ➔ Negatif
Ada liminal space di Indonesia cuyyyyyyy!!,liminal space indonesia cuyyyyyyy,1,2,Netral,Negatif,False,Netral ➔ Negatif
"Tiket masuk 40ribu, sewa handuk 10ribu, sewa loker 10ribu (Des 2024). Kolam renangnya kecil, cuma ada kolam terapi yg lebih panas dan panas banget. Bayar masuk 10ribu buat mobil, pas mau keluar dimintain parkir lagi. Harga makanannya juga lumayan tinggi.",tiket masuk 40ribu sewa handuk 10ribu sewa loker 10ribu des 2024 kolam renang kolam terapi panas panas bayar masuk 10ribu mobil pas dimintain parkir harga makan lumayan,1,2,Netral,Negatif,False,Netral ➔ Negatif
"Review jujur dari lidah aku: Ayam kampungnya juara banget daging empuk dan meresap bumbunya! Sambel nya enak pedas top, Tadi juga sempet nyobain paket nasi bebeknya, rasanya lumayan harganya mnrutku sedikit pricey ya hehe, buat ikan bakarnya, menurutku rasanya standar aja sih ikan ngga bau segar kok. Kalau dari segi price, jujur harganya agak di atas ekspektasi, bahkan sedikit lebih pricey dibanding kalau makan di Restoran sunda di Bandung hehe. 🫣 Untuk areanya view nya bagus nyaman oke. Tapi overall tetep dapet pengalaman kulineran Sunda yang seru di Garut.🥳",review jujur lidah ayam kampung juara daging empuk resap bumbu sambel nya enak pedas top sempet nyobain paket nasi bebek lumayan harga mnrutku pricey hehe ikan bakar turut standar ikan ngga bau segar segi price jujur harga ekspektasi pricey banding makan restoran sunda bandung hehe area view nya bagus nyaman oke overall tetep dapet alam kuliner sunda seru,1,2,Netral,Negatif,False,Netral ➔ Negatif
Ditarik,tarik,0,2,Positif,Negatif,False,Positif ➔ Negatif
"sabtu, 23 Agustus 2025 aku datang ke sana sktr jm 06.30 pagi lngsung aku parkir mobil …",sabtu 23 agustus 2025 sktr jm 06 30 pagi lngsung parkir mobil,0,2,Positif,Negatif,False,Positif ➔ Negatif
Suka banget 🥰 …,suka,0,2,Positif,Negatif,False,Positif ➔ Negatif
"Tempat luas, parkir nyaman, makanan harga standar, minusnya air dingin. Tidak seperti tiga tahun ke belakang, hampir semua kolam airnya panas",luas parkir nyaman makan harga standar minus air dingin kolam air panas,1,2,Netral,Negatif,False,Netral ➔ Negatif
"Layanan kurang baik, pesanan lama, makan kurang enak berasa asin.",layan pesan makan enak asa asin,0,1,Positif,Netral,False,Positif ➔ Netral
"Makanannya enak, pertama kali makan mie godog jawa dan enak. Cuman pelayanannya nunggu lumayan lama buat makanan datang.",makan enak kali makan mie godog jawa enak cuman layan nunggu lumayan makan,2,0,Negatif,Positif,False,Negatif ➔ Positif
"dulu sebelum covid rame, terakhir kesana sepi bgtt, parkir gratis, gada tiket masukk..jalan dari gerbang cihurip bagus, tp begitu masuk pemukiman jelek bgtt.. tp terbayar view premium🙌",covid rame kesana sepi bgtt parkir gratis gada tiket masukk jalan gerbang cihurip bagus tp masuk mukim jelek bgtt tp bayar view premium,2,1,Negatif,Netral,False,Negatif ➔ Netral
"Tempatnya luas, bagus untuk keluarga. Cuma pelayanan pelan, makanan biasa saja Agak mahal untuk ukuran daerah.",tempat luas bagus keluarga layan pelan makan mahal ukur daerah,1,2,Netral,Negatif,False,Netral ➔ Negatif
sampai mirasa kie min,mirasa kie min,0,2,Positif,Negatif,False,Positif ➔ Negatif
Sudah sepi yg jual makanan nya,sepi jual makan nya,1,2,Netral,Negatif,False,Netral ➔ Negatif
Pelayanan baik 👍 …,layan,2,0,Negatif,Positif,False,Negatif ➔ Positif
"Tempat makan yang ""otentik Bali"" walaupun ditanah sunda 😅, namun lepas dari itu so far so good dan harga yang cukup mahal tapi semua itu adalah pilihan",makan otentik bal tanah sunda lepas so far so good harga mahal pilih,2,1,Negatif,Netral,False,Negatif ➔ Netral
"Saya baru pertama kesini, tidak tau hari2 sebelumnya kondisi bagaimana. Seharusnya pantai yang sudah jadi tempat wisata. Wajib dijaga kebersihannya oleh masyarakat yang ada dalam lokasi baik pedagang, keamanan atau pemerintah sekitar.",kesini tau hari2 kondisi pantai wajib jaga bersih masyarakat dagang aman perintah,0,2,Positif,Negatif,False,Positif ➔ Negatif
"ada minizoo nya,dan gak ganggu tempat makan karena jauh dibawah",minizoo nya ganggu makan bawah,2,0,Negatif,Positif,False,Negatif ➔ Positif
Jelek,jelek,1,0,Netral,Positif,False,Netral ➔ Positif
"Mohon maaf, untuk pengurus Sabda Alam tolong lebih perhatikan kenyamanan warga sekitar. Rumah saya berjarak 1,5 km tapi masih terdengar suara sound system yang sangat keras dari arah Sabda Alam. …",mohon maaf urus sabda alam tolong perhati nyaman warga rumah jarak 1 5 dengar suara sound system keras arah sabda alam,0,1,Positif,Netral,False,Positif ➔ Netral
baru pertama kesini siang siang dengan tujuan pengen mkan dan minum jus alpukat. yang datang malah jus alpukat yang sudah busuk aduh parah banget,kesini siang siang tuju ken mkan minum jus alpukat jus alpukat busuk aduh parah,0,2,Positif,Negatif,False,Positif ➔ Negatif
"the best si emang, gak bosen sama sekali, jadi langganan terfavorit si inii,, hampir tiap bulan harus kesini huhuu...",the best si emang bosen langgan favorit si ini kesini huhuu,0,2,Positif,Negatif,False,Positif ➔ Negatif
skrg udh ditutup,skrg udh tutup,2,0,Negatif,Positif,False,Negatif ➔ Positif
Parkir motornya 5k guys wkwk,parkir motor 5k guys wkwk,0,2,Positif,Negatif,False,Positif ➔ Negatif
Ketika kekosongan yang engkau miliki maka jadikan lah AKU sebagai isi. ( الله),kosong engkau milik jadi isi,2,0,Negatif,Positif,False,Negatif ➔ Positif
"Saya baru pertama kesini, tidak tau hari2 sebelumnya kondisi bagaimana. Seharusnya pantai yang sudah jadi tempat wisata. Wajib dijaga kebersihannya oleh masyarakat yang ada dalam lokasi baik pedagang, keamanan atau pemerintah sekitar.",kesini tau hari2 kondisi pantai wajib jaga bersih masyarakat dagang aman perintah,0,2,Positif,Negatif,False,Positif ➔ Negatif
"Namanya kan taman air yaaa~biasanya identik sama anak anak kecil, kaget bgt wktu minggu kemarin iseng renang kesni karena lagi main di garut, isinya dangdutan dan biduannya parah😭😭 kaya joget joget kurang senonoh, terus jg ngangkat ngangkat rok mini sambil nyanyi (meskipun pake short pants) ttp aja kurang okee karena ISINYA ANAK ANAK LOHHH, jujur kolam dllnya oke tpi karena hal ini fatal untukku jadi yahh byebye",nama taman air yaaa identik anak anak kaget wktu minggu kemarin iseng renang kesni main isi dangdut biduan parah kaya joget joget senonoh jg ngangkat ngangkat rok mini nyanyi pake short pants ttp okee isi anak anak lohhh jujur kolam dllnya oke tpi fatal untuk yahh byebye,0,2,Positif,Negatif,False,Positif ➔ Negatif
"Jalan2x ke Garut di kasih rekomendasi makan di M Ikin, ternyata ngak sesuai ekspetasi tempatnya kecil dan mepet jalan warga serta lokasinya ada di dalam pasar antri pesannya serta susah parkir buat R4 paling penting rasa makanannya 'B' saja",jalan2x kasih rekomendasi makan m ikin ngak sesuai ekspetasi tempat mepet jalan warga lokasi pasar antri pesan susah parkir r4 makan b,1,0,Netral,Positif,False,Netral ➔ Positif
"Dari Bogor serombongan pengen anget² , beli empek² , gede² sih... Tapi... Ga lagi² deh Ga kmakan... Jauuuhhhhh...",bogor serombong ken anget beli empek gede kmakan jauuuhhhhh,0,2,Positif,Negatif,False,Positif ➔ Negatif
Bagus banget,bagus,0,2,Positif,Negatif,False,Positif ➔ Negatif
Masih banyak kekurangannya.. Fasilitasnya juga kurang lengkap hanya ada kolam renang itupun jauh dari kamar. Kamar mandinya tolong d perhatikan lagi walaupun ada bak untuk berendam sepertinya ga layak pakai. Cuma view-nya aja yg bagus.,kurang fasilitas lengkap kolam renang itu kamar kamar mandi tolong d perhati bak rendam layak pakai view nya bagus,0,2,Positif,Negatif,False,Positif ➔ Negatif
Pelayanan resto lama,layan resto,0,2,Positif,Negatif,False,Positif ➔ Negatif
"Terletak di Desa Cibiuk, dari jalan utama dekat pasar Limbangan. Area depan gate sekaligus untuk bayar tiket selain petugas ticketing juga dijaga securitynya jadi keamanan terjaga. Masuk ke dalam area tidak terlalu jauh ada area parkir dan di sampingnya ada area mushola dan toilet yang rapih dan bersih. Juga ada beberapa kedai warung kecil yang sedang tidak aktif. Sekitar lokasi sawah yang hijau royo royo. Masuk ke dalam area entrance dijaga oleh petugas juga yang mengecek tiket masuk yg sudah di beli di Gate depan tadi. Tiket masuk sekaligus voucher bisa ditukar dengan air mineral atau minuman lain seperti teh kotak. Memasuki area sudah terlihat banyak terasering sawah dan kali yang lumayan jernih. Area atas atau cafe yang jual food and beverage lumayan variatif pilihan dan harganya. Saya pesan nasi goreng 36ribu, rasanya lumayan masuk dan porsinya pas, ada telur, potongan ayam, dan kerupuk, tidak sedikit juga tidak kebanyakan. Pisang goreng lumayan tebal tapi renyah, cireng ada 2 macam, bumbu rujak dan bumbu kacang saos. Saya lebih suka bumbu rujak, bumbu kacang saosnya kurang masuk tastenya. Ada juga ice cream 39ribu dapat 2 scoop. Minuman lain es jeruk agak beda karena dikasih topping ice cream yang rasanya lemon atau nipis asam, tapi seger. Ada banyak tempat spot foto, cuma konsep wisatanya kurang di kembangkan lagi, wahana flying bike dan lainnya kurang ramai, namun cafenya juga kurang banyak. Bagi yang suka tenang dan hening ini memang lokasi yang lumayan menyenangkan. Sambil menikmati makanan dan melihat hijau padi dan pegunungan dari kejauhan mantab sekali. Juga sebaiknya pagi atau menjelang sore kesininya pas sejuk sejuknya.",letak desa cibiuk jalan utama pasar limbang area gate bayar tiket tugas ticketing jaga securitynya aman jaga masuk area area parkir samping area mushola toilet rapih bersih kedai warung aktif sawah hijau royo royo masuk area entrance jaga tugas ecek tiket masuk beli gate tiket masuk voucher tukar air mineral minum teh kotak pasuk area terasering sawah kali lumayan jernih area cafe jual food and beverage lumayan variatif pilih harga pesan nasi goreng 36ribu lumayan masuk porsi pas telur potong ayam kerupuk banyak pisang goreng lumayan tebal renyah cireng 2 bumbu rujak bumbu kacang saos suka bumbu rujak bumbu kacang saosnya masuk tastenya ice cream 39ribu 2 scoop minum es jeruk beda kasih topping ice cream lemon nipis asam seger spot foto konsep wisata kembang wahana flying bike ramai cafenya suka tenang hening lumayan senang nikmat makan hijau padi gunung jauh mantab pagi jelang sore kesini pas sejuk sejuk,2,1,Negatif,Netral,False,Negatif ➔ Netral
"Pantainya bagus skaliiii, sayang sangat bahaya klo berenang disini karena arus ombaknya deras.",pantai bagus skaliiii sayang bahaya klo renang arus ombak deras,1,2,Netral,Negatif,False,Netral ➔ Negatif
"Pas masuk sy rombongan dngn anak2 kesitu tidak ada krywn yg mencarikan tmpt,trnyata tmptnya malah dipakai krywn cwek nya u dandan dan diberesin dulu sama sikrywnnitu Krn tasnya brantakan dimeja, stelah itu kami nunggu lama tapi krywn GK ada yg ngasih menu,padahal difront office ada 2 krywn malah asik pada ngobrol dan sibuk sndiri sampai hrs dipanggil u dimintai menu,Krn service tidak bagus & kelihatan tidak professional,sy memutuskan u tidak jadi makan disini.krn penasaran sy lihat review-nya trnyata memang rumah makan ini brmasalah di manajemen SDM nya,Saran saya lebih baik ganti smua pelayan nya jg kokinya.cari yg cekatan dan pengalaman,jg hrs ada disiplin kerja yg baik.Padahal lokasi strategis dan pemandangan sawah yg indah dibelakangnya.",pas masuk rombong dngn anak2 kesitu krywn cari tmpt trnyata tmptnya pakai krywn cwek nya u dandan resin sikrywnnitu krn tas brantakan meja stelah nunggu krywn ngasih menu front office 2 krywn asik ngobrol sibuk sndiri hrs panggil u menu krn service bagus professional putus u makan krn penasaran lihat review nya trnyata rumah makan brmasalah manajemen sdm nya saran ganti smua layan nya jg koki cari cekat alam jg hrs disiplin kerja strategis pandang sawah indah belakang,0,2,Positif,Negatif,False,Positif ➔ Negatif
"Makanannya enak, tp buat isian paket makanannya kurang untuk hrga 300k . Suasana desa namun kebersihan n hrusnya lebih dirawat lg. Kyk kolam nya d bersihin dr sampah2, tikar nya bs d ganti sama yg jenis kain gtu2 krn tikar plastik nya udh lapuk jd nempel2 d kulit. Yg aku seneng selama makan dsni lalat yg dtng hnya 1",makan enak tp isi paket makan hrga 300k suasana desa bersih n hrusnya rawat lg kyk kolam nya d bersihin sampah2 tikar nya bs d ganti jenis kain gtu2 krn tikar plastik nya udh lapuk jd nempel2 d kulit neng makan dsni lalat dtng hnya 1,1,2,Netral,Negatif,False,Netral ➔ Negatif
"Makanan lumayan , pelayanan kurang , nunggu mkanan sampe 1 jam , kbru kelaperan , suasana lumayan adem",makan lumayan layan nunggu mkanan sampe 1 jam kbru kelaperan suasana lumayan adem,0,2,Positif,Negatif,False,Positif ➔ Negatif
"Untuk taman bermain anak cocok, Tapi yang sangat disayangkan adalah kebersihannya. Semoga pemerintah kota Garut bisa membenahi tata kelola kebersihannya, Di area alun2 jarang terlihat tempat sampah, bak sampah, Kalo pemerintah Garut KLmenyediakan tempat sampah yg lebih banyak, mungkin kebersihan akan lebih terjaga, Banyak sampah berserakan tanpa adanya tempat sampah.🙏",taman main anak cocok sayang bersih moga perintah kota benah tata kelola bersih area alun2 jarang sampah bak sampah perintah klmenyediakan sampah bersih jaga sampah sera sampah,0,2,Positif,Negatif,False,Positif ➔ Negatif
Jalur nya bagus .aman,jalur nya bagus aman,0,2,Positif,Negatif,False,Positif ➔ Negatif
Jalan nya banyak yang bolong,jalan nya bolong,1,2,Netral,Negatif,False,Netral ➔ Negatif
"sebenernya ni kolam renang bagus, ga crowded, tp pertamakali kesini bawa anak2,kesan pertama kali kecewa ya, kolam berenangnya airnya byk kotoran brambut2 terutama dikolam yg dipinggir yg dangkal dan dipinggir kolam agak bau pesing,,mudah2n kedepannya diperbaiki kebersihannya",sebenernya ni kolam renang bagus crowded tp pertamakali kesini bawa anak2 kesan kali kecewa kolam renang air byk kotor brambut2 kolam pinggir dangkal pinggir kolam bau pesing mudah2n depan baik bersih,0,1,Positif,Netral,False,Positif ➔ Netral
Tidak buruk,buruk,2,0,Negatif,Positif,False,Negatif ➔ Positif
seperti tidak ter urus,ter urus,0,2,Positif,Negatif,False,Positif ➔ Negatif
"Sangat bagus, tetapi beberapa tempat kotor dan beberapa kamar sudah tua.",bagus kotor kamar tua,2,0,Negatif,Positif,False,Negatif ➔ Positif
"Minggu, 5 Juli 2026 Saya pergi ke sana, setelah bermain di Taman Air Sabda Alam Area kamar mandi memiliki air yang sangat sedikit dan banyak sampah berserakan, letaknya tepat di sebelah kolam ombak",minggu 5 juli 2026 pergi main taman air sabda alam area kamar mandi milik air sampah sera letak belah kolam ombak,1,2,Netral,Negatif,False,Netral ➔ Negatif
"Beberapa spot poto harus bayar, murah sih... tapi nunggunya sampai 2 jam, pulang deh 😅 Makanan enak sih, nunggu lama tapi kok tersaji dalam keadaan dingin y... …",spot poto bayar murah nunggunya 2 jam pulang makan enak nunggu saji dingin y,1,0,Netral,Positif,False,Netral ➔ Positif
"Berkunjung ke ATP dalam rangka staycation bareng teman-teman kerja. Kami menyewa 3 tenda kepompong dengan salah satu fasilitasnya kamar mandi luar. Kamar mandi khusus untuk penyewa tenda kepompong karena kami bisa buka dan kunci kembali pintu kamar mandinya. Saat pertama buka kamar mandi, kondisinya kotor, disaluran air ada bangkai binatang (mungkin kecoa) dan sangat bau, lantai juga kotor. Better kalau disediakan pemanas air di kamar mandi. Lalu untuk kamar mandi 2 dan 3 tidak bisa digembok pintunya, sehingga pengunjung dari tenda lain ikut menggunakannya. Seharusnya kami hanya antri ber-15 tetapi jadi mengantri dengan pengunjung lainnya, padahal kamar mandi tsb khusus untuk kami. Sudah komplain ke petugas namun tidak ada tindak lanjut yg tegas, akhirnya kami komunikasi langsung dengan pengunjung lain, demi kenyamanan tim kami.",kunjung atp rangka staycation bareng teman teman kerja sewa 3 tenda kepompong salah fasilitas kamar mandi kamar mandi khusus sewa tenda kepompong buka kunci pintu kamar mandi buka kamar mandi kondisi kotor salur air bangkai binatang kecoa bau lantai kotor better sedia panas air kamar mandi kamar mandi 2 3 gembok pintu unjung tenda guna antri ber 15 antri unjung kamar mandi tsb khusus komplain tugas tindak komunikasi langsung unjung nyaman tim,2,0,Negatif,Positif,False,Negatif ➔ Positif
Pelayanannya asli salut banget bener-bener diperhatikan semua..,layan asli salut bener bener perhati,2,0,Negatif,Positif,False,Negatif ➔ Positif
Sudah tidak terawat seperti 3 tahun lalu. Kolam perosotannya sudah berkarat jadi sudah tdk bs d gunakan . Untuk kamar wc nya sangat kotor sekali banyak binatang masuk k kamar. Air mandi kecil showr sudah berkarat . Banyak rumput tinggi di sekitaran area.,awat 3 kolam perosot karat bs d kamar wc nya kotor binatang masuk k kamar air mandi showr karat rumput sekitar area,1,0,Netral,Positif,False,Netral ➔ Positif
"Bagi orang yang pertama kali kesini bingung, dari depan tidak dijelaskan ada sistem waiting list langsung diarahkan pilih tempat makan, pas udah duduk dibawah disuruh keatas lagi, udah diatas tidak dilayani dengan baik",orang kali kesini bingung sistem waiting list langsung arah pilih makan pas udah duduk bawah suruh atas udah atas layan,0,1,Positif,Netral,False,Positif ➔ Netral
"Kurang bersih, air danaunya surut, jadi terlihat jelas banyak lumut",bersih air danau surut lumut,0,2,Positif,Negatif,False,Positif ➔ Negatif
Tempatnya udah sepi dan tidak terurus. Banyak fasilitas yang sudah rusak,tempat udah sepi urus fasilitas rusak,0,1,Positif,Netral,False,Positif ➔ Netral
"Sayangnya, ga ada satupun yang saya foto tapi, untuk rasa jelas enak terutama minumannya. Hanya saja, jangan berharap lebih untuk porsinya. Ukuran S ya benar-benar S alias kecil 😁",sayang satu foto enak minum harap porsi ukur s s alias,2,1,Negatif,Netral,False,Negatif ➔ Netral
"Alhamdulillah ada masjid, dalam masjid nya bagus.. Hanya saja toilet kurang nyaman.. Padahal ada petugas nya.. Dari pintu masuk ke tempat wudhu ada tempat cuci kaki, keset karet lantai nya berlumut jadi licin. Kurang bersih.. Qodarullah ada bintang di keset yang udah dissemutin jadi gak enak di liat. Mungkin gak ada petugas yang bersihin nya jadi kurang nnyaman.",alhamdulillah masjid masjid nya bagus toilet nyaman tugas nya pintu masuk wudhu cuci kaki keset karet lantai nya lumut licin bersih qodarullah bintang keset udah dissemutin enak liat tugas bersihin nya nnyaman,1,0,Netral,Positif,False,Netral ➔ Positif
Secara keseluruhan pelayanan baik.mungkin perlu ad tambahan kolam renang y,layan ad tambah kolam renang y,2,1,Negatif,Netral,False,Negatif ➔ Netral
Jalanan lumayan menanjak...,jalan lumayan tanjak,1,2,Netral,Negatif,False,Netral ➔ Negatif
Oke bgt,oke,1,2,Netral,Negatif,False,Netral ➔ Negatif
Olloh maha kaya lagi maha penyayang,olloh maha kaya maha sayang,2,1,Negatif,Netral,False,Negatif ➔ Netral
"Berkunjung saat jam makan siang dan weekend, antrian sudah banyak tapi untungnya masih kebagian duduk di lantai 2 Rasa makanannya biasa saja, sambalnya bukan tipe yang pedas",kunjung jam makan siang weekend antri untung bagi duduk lantai 2 makan sambal tipe pedas,1,2,Netral,Negatif,False,Netral ➔ Negatif
"Sebenernya tempatnya lumayan bagus,, bnyk tempat main anak"", sejuk.. Karna ini gk bgitu luas jd gk ada hewan besarnya. . Cuma sayang bau asep rokok, tolong dikasih tempat khusus perokok.. Sumpah gk enak bgt bau asep rokok,, lg nemenin anak main jd gk betah.. Tolong BUAT PEROKOK liat situasi jgn ngrokok di tempat bnyk anak""😡 bikin nambah"" Penyakit aja",sebenernya tempat lumayan bagus bnyk main anak sejuk karna bgitu luas jd hewan besar sayang bau asep rokok tolong kasih khusus okok sumpah enak bau asep rokok lg nemenin anak main jd betah tolong okok liat situasi jgn ngrokok bnyk anak bikin nambah sakit,2,1,Negatif,Netral,False,Negatif ➔ Netral
"Pemandangan yg amazing, tiket masuk per orang 40rb lumayan pricey Toilet ada banyak, bayar semua Naik ojek turun naik 150rb Nanjaknya lumayan banget bikin ngos2an PLEASE TANYA DULU HARGA MAKANANNYA Dan makan di warung2 depannya ber 6, makan indomie + telor + sawi, pisang goreng biji bukan porsi, tempe goreng tepung 4 biji bukan porsi, minum teh tawar 4, teh manis 1, kopi hitam papandayan tanpa gula dan mineral 2 botol total bonnya 283.000 Bayar sambil bengong...wkakakakakaka Paham sih daerah wisata, tp seharusnya bisa lebih baik yaaa...",pandang amazing tiket masuk orang 40rb lumayan pricey toilet bayar ojek turun 150rb nanjaknya lumayan bikin ngos2an please harga makan makan warung2 depan ber 6 makan indomie telor sawi pisang goreng biji porsi tempe goreng tepung 4 biji porsi minum teh tawar 4 teh manis 1 kopi hitam papandayan gula mineral 2 botol total bon 283 000 bayar bengong wkakakakakaka paham daerah tp yaaa,2,1,Negatif,Netral,False,Negatif ➔ Netral
"Situ cigekgok ini terakhir kali saya kesini tahun 2024 ketika KKN, sudah tidak terawat yang mana sebelumnya sudah diperbagus dibantu oleh anggaran dari pemerintah. Hanya saja secara ramai sepertinya hanya awalan saja, kemudian ikan disitunya juga tidak terbudi daya alias sedikit, terdapat rakit-rakitan itu juga sudah tidak terurus. Meski begitu saya rindu kesana, bertemu dengan warga disana pada ramah terutama yang saya kenal yaitu bapak Engkom. Beliau juga yang memperkenalkan objek wisata yang sudah tidak terurus tersebut. Saya dan teman2 disana bakar-bakar ikan, bikin liwet dan makan di pinggir situ yang tersedia saung yang masih bisa dipakai. Serunyaa. Pengalaman yang tak terlupakan. Untuk akses kesana, kendaraan sepertinya tidak bisa akses sampai kesana, karena jalannya masih kurang bagus, jadi jika anda mau kesana perlu jalan kaki terlebih dahulu. Menurutku ini hiden games!",cigekgok kali kesini 2024 kkn awat bagus bantu anggar perintah ramai awal ikan situ budi daya alias rakit rakit urus rindu kesana temu warga sana ramah kenal engkom beliau kenal objek urus teman2 sana bakar bakar ikan bikin liwet makan pinggir sedia saung pakai serunyaa alam lupa akses kesana kendara akses kesana jalan bagus kesana jalan kaki turut hiden games,1,2,Netral,Negatif,False,Netral ➔ Negatif
"13 Februari 2026 Sengaja kesana untuk makan, karena sebelumnya pernah kesana dan lumayan. Kebetulan hari itu ada wisuda universitas garut. Di weekend dan libur panjang resto …",13 februari 2026 sengaja kesana makan kesana lumayan wisuda universitas weekend libur resto,1,2,Netral,Negatif,False,Netral ➔ Negatif
"overall bagus, tolong diperhatikan lagi dalam makanannya terdapat rambut dan nyamuk.",overall bagus tolong perhati makan rambut nyamuk,0,1,Positif,Netral,False,Positif ➔ Netral
bisa meningkatkan UMKM di sekitar situ. mohon kunjungan nya bapak aing u/ memberikan instruksi bersih situ dari tanaman/gulma dan sedikit sampah yg ada di situ bagendit.,tingkat umkm mohon kunjung nya aing u instruksi bersih tanam gulma sampah bagendit,0,1,Positif,Netral,False,Positif ➔ Netral
Cuman ngurusin parkir BEGO,cuman ngurusin parkir bego,0,2,Positif,Negatif,False,Positif ➔ Negatif
"tempat bagus dan terawat. hati"" dengan akun @papandayan_naturepark karena saya dan teman saya ditipu, niatnya booking tiket masuk trnyata itu bukan admin aslinya. beli tiket langsung on the spot aja",bagus awat hati akun papandayan naturepark teman tipu niat booking tiket masuk trnyata admin asli beli tiket langsung on the spot,2,0,Negatif,Positif,False,Negatif ➔ Positif
"Hanya tersisa tempat bermain dan kafe kecil yang sepi. Tidak ada satpam sama sekali tadi. Tempat sudah tidak terawat. Ada sedikit domba di kandang yang jalannya tertutup oleh daun dan pohon. Domba yang sebelumnya masih ada digunakan. Di bagian bawah ada kios kios kecil yang hancur. Dimana mana tertutup oleh daun kecuali jalan untuk kendaraan/area kafe dan tempat bermain. Saya hanya ketemu satu kucing yang mungkin dimiliki seseorang di sana. Kucingnya terawat, bagus, jinak, dan menggemaskan",sisa main kafe sepi satpam awat domba kandang jalan tutup daun pohon domba kios kios hancur mana tutup daun kecuali jalan kendara area kafe main ketemu kucing milik kucing awat bagus jinak gemas,0,1,Positif,Netral,False,Positif ➔ Netral
Antrian ga jelas. Waiting list tapi ga urut. Yang datang duluan malah lama layaninnya.,antri waiting list urut duluan layaninnya,0,2,Positif,Negatif,False,Positif ➔ Negatif
Urbanview Hotel Puncak Darajat Highland Garut OꖉƼI🔸ꍌꍌ𖫥Ƽ🔸Ƽ3ꍌO Respon Cepat Melayani Pesan Kamar 0nline...👆👆 …,urbanview hotel puncak darajat highland oi3o respon cepat layan pesan kamar 0nline,2,1,Negatif,Netral,False,Negatif ➔ Netral
Tidak buruk,buruk,2,0,Negatif,Positif,False,Negatif ➔ Positif
"Nasi timbal pedas,anak tdk bs makan,dapat sambal goreng yg tdk enak,tdk ada sambal dadak khas sunda,tempe goreng tebal tepungnya saja,nasi timbal keras dan kering",nasi timbal pedas anak bs makan sambal goreng enak sambal dadak khas sunda tempe goreng tebal tepung nasi timbal keras kering,0,2,Positif,Negatif,False,Positif ➔ Negatif
"Lumayan utk tracking, hanya saja air Curug sdg tidak deras",lumayan tracking air curug sdg deras,1,2,Netral,Negatif,False,Netral ➔ Negatif
