name,category,rating,address,scraped_at,url,status
Curug cipeures,Tujuan Wisata,,"FQX7+GC9, Linggamanik, Kec. Cikelet, Kabupaten Garut, Jawa Barat 44177",2026-07-24T04:08:15.722283Z,https://www.google.com/maps/place/Curug+cipeures/data=!4m7!3m6!1s0x2e661bb8974d1209:0xac1a5f89d5252014!8m2!3d-7.5012204!4d107.763621!16s%2Fg%2F11v0p8jhxw!19sChIJCRJNl7gbZi4RFCAl1YlfGqw?authuser=0&hl=id&rclk=1,success
D Leuwi Garut,Tujuan Wisata,4.5,"Kp Panauwan Jl. Pembangunan No.11, RT.3, Tarogong, Kec. Tarogong Kidul, Kabupaten Garut, Jawa Barat 44150",2026-07-24T04:08:17.988152Z,https://www.google.com/maps/place/D+Leuwi+Garut/data=!4m7!3m6!1s0x2e68b15109a110eb:0x1cd7d2bb5b49aed0!8m2!3d-7.201776!4d107.88708!16s%2Fg%2F11pcrs9j9t!19sChIJ6xChCVGxaC4R0K5JW7vS1xw?authuser=0&hl=id&rclk=1,success
Sumber Alam permandian air panas,Hotel,4.6,"Jl. Raya Cipanas No.122, Pananjung, Kec. Tarogong Kaler, Kabupaten Garut, Jawa Barat 44151",2026-07-24T04:08:20.534861Z,https://www.google.com/maps/place/Sumber+Alam+permandian+air+panas/data=!4m7!3m6!1s0x2e68b113af4c7acb:0xce35207a8e740080!8m2!3d-7.1781672!4d107.8717736!16s%2Fg%2F11h5dwbmq6!19sChIJy3pMrxOxaC4RgAB0jnogNc4?authuser=0&hl=id&rclk=1,success
Pemandian Air Panas Ciengang,Spa,4.4,"RVFC+6MW, Rancabango, Kec. Tarogong Kaler, Kabupaten Garut, Jawa Barat 44151",2026-07-24T04:08:23.011779Z,https://www.google.com/maps/place/Pemandian+Air+Panas+Ciengang/data=!4m7!3m6!1s0x2e68b0babe28211b:0xfdbb261740430356!8m2!3d-7.1768897!4d107.8716926!16s%2Fg%2F11b5k754zn!19sChIJGyEovrqwaC4RVgNDQBcmu_0?authuser=0&hl=id&rclk=1,success
Lembah khaisa,Tujuan Wisata,4.7,"PWWR+59J, Unnamed Road, Sukanegla, Kec. Garut Kota, Kabupaten Garut, Jawa Barat 44111",2026-07-24T04:08:25.614730Z,https://www.google.com/maps/place/Lembah+khaisa/data=!4m7!3m6!1s0x2e68af95149614bf:0x7b977f6f29afb71e!8m2!3d-7.2545497!4d107.9409028!16s%2Fg%2F11lkt3j9pz!19sChIJvxSWFJWvaC4RHrevKW9_l3s?authuser=0&hl=id&rclk=1,success
Gunung Buligir,Tujuan Wisata,3.0,"CQPV+WH6, Sukamukti, Kec. Cisompet, Kabupaten Garut, Jawa Barat 44174",2026-07-24T04:08:27.780146Z,https://www.google.com/maps/place/Gunung+Buligir/data=!4m7!3m6!1s0x2e661ba6de98f325:0x8df6490c1f8f7e24!8m2!3d-7.5627167!4d107.7938857!16s%2Fg%2F11v6ss4f3y!19sChIJJfOY3qYbZi4RJH6PHwxJ9o0?authuser=0&hl=id&rclk=1,success
Taman Wisata Alam Gn Papandayan,Tujuan Wisata,4.8,"Sirnajaya, Kec. Cisurupan, Kabupaten Garut, Jawa Barat 44163",2026-07-24T04:08:30.378239Z,https://www.google.com/maps/place/Taman+Wisata+Alam+Gn+Papandayan/data=!4m7!3m6!1s0x2e68a3bd9cad05d5:0x2872fb52ad10aa75!8m2!3d-7.3065285!4d107.7380383!16s%2Fg%2F11gf9pz503!19sChIJ1QWtnL2jaC4RdaoQrVL7cig?authuser=0&hl=id&rclk=1,success
Restorasa,Restoran,4.8,"Jl. Bank, Pakuwon, Kec. Garut Kota, Kabupaten Garut, Jawa Barat 44117",2026-07-24T04:08:32.990190Z,https://www.google.com/maps/place/Restorasa/data=!4m7!3m6!1s0x2e68b1481f137193:0x9a6d1de23d47ab87!8m2!3d-7.2137581!4d107.9047862!16s%2Fg%2F11t4cc4818!19sChIJk3ETH0ixaC4Rh6tHPeIdbZo?authuser=0&hl=id&rclk=1,success
Melon hidroponik,Tujuan Wisata,5.0,"FR63+8X, Sindangsari, Kec. Cisompet, Kabupaten Garut, Jawa Barat 44174",2026-07-24T04:08:35.430534Z,https://www.google.com/maps/place/Melon+hidroponik/data=!4m7!3m6!1s0x2e661b602b4a6cf3:0x165e5d68f909d18d!8m2!3d-7.5391875!4d107.8049375!16s%2Fg%2F11vlwcgc5k!19sChIJ82xKK2AbZi4RjdEJ-WhdXhY?authuser=0&hl=id&rclk=1,success
Kebun Mawar SITUHAPA Samarang,N/A,4.5,"Jl. Raya Kamojang No.KM. 5, Sukakarya, Kec. Samarang, Kabupaten Garut, Jawa Barat 44161",2026-07-24T04:08:37.590868Z,https://www.google.com/maps/place/Kebun+Mawar+SITUHAPA+Samarang/data=!4m10!3m9!1s0x2e68bbd1a497396d:0x9686b95d592149b8!5m2!4m1!1i2!8m2!3d-7.1938275!4d107.8109245!16s%2Fg%2F12hnmg7dv!19sChIJbTmXpNG7aC4RuEkhWV25hpY?authuser=0&hl=id&rclk=1,success
Pantai Cikaso Bungbulang,Tujuan Wisata,4.5,"Sinarjaya, Kec. Bungbulang, Kabupaten Garut, Jawa Barat 44165",2026-07-24T04:08:40.201962Z,https://www.google.com/maps/place/Pantai+Cikaso+Bungbulang/data=!4m7!3m6!1s0x2e662594fe288505:0x1fc64e95c01e6cfe!8m2!3d-7.5353514!4d107.5001958!16s%2Fg%2F11hbbyn7h6!19sChIJBYUo_pQlZi4R_mwewJVOxh8?authuser=0&hl=id&rclk=1,success
Curug Cisarua,Tujuan Wisata,4.6,"CVCR+W7P, Pangrumasan, Peundeuy, Pangrumasan, Garut, Kabupaten Garut, Jawa Barat 44174",2026-07-24T04:08:42.292431Z,https://www.google.com/maps/place/Curug+Cisarua/data=!4m7!3m6!1s0x2e6605625e245bb3:0x8f0af401ab8e92bb!8m2!3d-7.5776693!4d107.8906996!16s%2Fg%2F11cn6m20rr!19sChIJs1skXmIFZi4Ru5KOqwH0Co8?authuser=0&hl=id&rclk=1,success
Desa Wisata Sindangkasih,Tujuan Wisata,4.7,"Jl. Garut - Tasikmalaya No.Km 16, Sukamaju, Kec. Cilawu, Kabupaten Garut, Jawa Barat 44181",2026-07-24T04:08:44.695265Z,https://www.google.com/maps/place/Desa+Wisata+Sindangkasih/data=!4m7!3m6!1s0x2e68afc557bfb6ad:0x7f30f92d07c240bd!8m2!3d-7.3261233!4d107.9419343!16s%2Fg%2F11kmtgcbdp!19sChIJrba_V8WvaC4RvUDCBy35MH8?authuser=0&hl=id&rclk=1,success
Taman Cikiara talagawangi pakenjen garut,Tujuan Wisata,5.0,"HQJ5+Q7, Talagawangi, Kec. Pakenjeng, Kabupaten Garut, Jawa Barat 44164",2026-07-24T04:08:47.363011Z,https://www.google.com/maps/place/Taman+Cikiara+talagawangi+pakenjen+garut/data=!4m7!3m6!1s0x2e68a1007aed12bb:0xfbe6f2016e10f870!8m2!3d-7.4180464!4d107.7581515!16s%2Fg%2F11y7qdv90l!19sChIJuxLtegChaC4RcPgQbgHy5vs?authuser=0&hl=id&rclk=1,success
Danau Situ Bagendit,Danau,4.4,"Kec. Banyuresmi, Kabupaten Garut, Jawa Barat",2026-07-24T04:08:49.612224Z,https://www.google.com/maps/place/Danau+Situ+Bagendit/data=!4m7!3m6!1s0x2e68b6b25803d151:0x6f05d7027d3521dd!8m2!3d-7.1619771!4d107.9435544!16s%2Fg%2F1q5bl7jqm!19sChIJUdEDWLK2aC4R3SE1fQLXBW8?authuser=0&hl=id&rclk=1,success
Bukit Dinar Dirham,Tujuan Wisata,4.8,"GR4H+PWH, Jl. Garut - Pameungpeuk, Mekarwangi, Kec. Cihurip, Kabupaten Garut, Jawa Barat 44173",2026-07-24T04:08:51.915677Z,https://www.google.com/maps/place/Bukit+Dinar+Dirham/data=!4m7!3m6!1s0x2e661d006c856a81:0x5e2486774e5f8261!8m2!3d-7.4931041!4d107.8300394!16s%2Fg%2F11y2w409z1!19sChIJgWqFbAAdZi4RYYJfTneGJF4?authuser=0&hl=id&rclk=1,success
Pantai Cipancong,Tujuan Wisata,4.8,"FF8V+5J, Purbayani, Kec. Caringin, Kabupaten Garut, Jawa Barat 44166",2026-07-24T04:08:54.121332Z,https://www.google.com/maps/place/Pantai+Cipancong/data=!4m7!3m6!1s0x2e66250226034b7d:0xfc4d788b4391ed74!8m2!3d-7.5345426!4d107.4940622!16s%2Fg%2F11rdc4vcx0!19sChIJfUsDJgIlZi4RdO2RQ4t4Tfw?authuser=0&hl=id&rclk=1,success
Pantai Cidora,Pantai,4.4,"Purbayani, Kec. Caringin, Kabupaten Garut, Jawa Barat 44166",2026-07-24T04:08:56.423444Z,https://www.google.com/maps/place/Pantai+Cidora/data=!4m7!3m6!1s0x2e662f57a8a0cb3f:0x533c951ff05bf26e!8m2!3d-7.5214616!4d107.4768595!16s%2Fg%2F11byxg0t8b!19sChIJP8ugqFcvZi4RbvJb8B-VPFM?authuser=0&hl=id&rclk=1,success
Kampung cidarengdeng desa Parakan kecamatan samarang,Tujuan Wisata,5.0,"RR26+CFM, Parakan, Kec. Samarang, Kabupaten Garut, Jawa Barat 44161",2026-07-24T04:08:58.729187Z,https://www.google.com/maps/place/Kampung+cidarengdeng+desa+Parakan+kecamatan+samarang/data=!4m7!3m6!1s0x2e68bbbcafc76ec5:0xce1afd766a0c527c!8m2!3d-7.1989212!4d107.8111774!16s%2Fg%2F11kqn38w0s!19sChIJxW7Hr7y7aC4RfFIManb9Gs4?authuser=0&hl=id&rclk=1,success
Desa Wisata Mulakeudeu,Tujuan Wisata,4.7,"Jl. Sucinaraja, Kp Mulakeudeu, Sukalaksana, Kec. Sucinaraja, Kabupaten Garut, Jawa Barat 44151",2026-07-24T04:09:00.805577Z,https://www.google.com/maps/place/Desa+Wisata+Mulakeudeu/data=!4m7!3m6!1s0x2e68b394a88e2705:0xe4c1316cc299e56d!8m2!3d-7.207698!4d107.9931844!16s%2Fg%2F11h4qhw_j0!19sChIJBSeOqJSzaC4RbeWZwmwxweQ?authuser=0&hl=id&rclk=1,success
Taman Air Panas Cahaya Villa,Kolam Renang,4.6,"Jl. Cipanas Baru No.10, Pananjung, Kec. Tarogong Kaler, Kabupaten Garut, Jawa Barat 44151",2026-07-24T04:09:03.470884Z,https://www.google.com/maps/place/Taman+Air+Panas+Cahaya+Villa/data=!4m7!3m6!1s0x2e68b1d719c04cfd:0x22168e96947f059e!8m2!3d-7.178828!4d107.877165!16s%2Fg%2F11j0vhhyfv!19sChIJ_UzAGdexaC4RngV_lJaOFiI?authuser=0&hl=id&rclk=1,success
LEUWI PANJANG,Tujuan Wisata,,"FQ45+9R, Margamulya, Kec. Cisompet, Kabupaten Garut, Jawa Barat 44174",2026-07-24T04:09:05.796451Z,https://www.google.com/maps/place/LEUWI+PANJANG/data=!4m7!3m6!1s0x2e661900331514b9:0xffba343231d33ffa!8m2!3d-7.5440537!4d107.7595959!16s%2Fg%2F11x2qr20lx!19sChIJuRQVMwAZZi4R-j_TMTI0uv8?authuser=0&hl=id&rclk=1,success
Curug Ciarileu Ds Sukamurni kecamatan cilawu,Tujuan Wisata,4.7,"JVRV+QG4, Patrol, Sukamurni, Kec. Cilawu, Kabupaten Garut, Jawa Barat 44181",2026-07-24T04:09:08.471229Z,https://www.google.com/maps/place/Curug+Ciarileu+Ds+Sukamurni+kecamatan+cilawu/data=!4m7!3m6!1s0x2e68a9240d2e8533:0x2b50291eda9dc46d!8m2!3d-7.3581129!4d107.8938435!16s%2Fg%2F11mw7h6n2q!19sChIJM4UuDSSpaC4RbcSd2h4pUCs?authuser=0&hl=id&rclk=1,success
SeaSide WaterPark n Resto,Tujuan Wisata,4.4,"8PJ2+RCR, Mancagahar, Kec. Pameungpeuk, Kabupaten Garut, Jawa Barat 44175",2026-07-24T04:09:10.543813Z,https://www.google.com/maps/place/SeaSide+WaterPark+n+Resto/data=!4m7!3m6!1s0x2e6617840219dd0d:0xf787dd9f5f19e711!8m2!3d-7.6678!4d107.7006!16s%2Fg%2F11smp1hgpc!19sChIJDd0ZAoQXZi4REecZX5_dh_c?authuser=0&hl=id&rclk=1,success
Teras Cimanuk,Taman,4.7,"QVHX+P9R, Sukakarya, Kec. Tarogong Kidul, Kabupaten Garut, Jawa Barat 44151",2026-07-24T04:09:13.297961Z,https://www.google.com/maps/place/Teras+Cimanuk/data=!4m7!3m6!1s0x2e68b11d4d5ee5cf:0xb9a0934bb44c3aa3!8m2!3d-7.2202142!4d107.8985373!16s%2Fg%2F11rggfkldq!19sChIJz-VeTR2xaC4RozpMtEuToLk?authuser=0&hl=id&rclk=1,success
Pos 2 puncak malaya,Tujuan Wisata,4.4,"FMMW+4XF, Girimukti, Kec. Cikelet, Kabupaten Garut, Jawa Barat 44177",2026-07-24T04:09:15.082048Z,https://www.google.com/maps/place/Pos+2+puncak+malaya/data=!4m7!3m6!1s0x2e661972de23e5e9:0xbf77ead5034c107b!8m2!3d-7.5171831!4d107.6974256!16s%2Fg%2F11j7wwlqcr!19sChIJ6eUj3nIZZi4RexBMA9Xqd78?authuser=0&hl=id&rclk=1,success
Cafe Saeungapna,Restoran Korea,4.4,"Jl. Bank No.17, Paminggir, Kec. Garut Kota, Kabupaten Garut, Jawa Barat 44118",2026-07-24T04:09:17.820867Z,https://www.google.com/maps/place/Cafe+Saeungapna/data=!4m7!3m6!1s0x2e68b17531d46abd:0x251d300cce6ee0af!8m2!3d-7.213786!4d107.9002153!16s%2Fg%2F11g_q14bmm!19sChIJvWrUMXWxaC4Rr-BuzgwwHSU?authuser=0&hl=id&rclk=1,success
Wisata Pantai Santolo,Pantai,4.3,"Pamalayan, Kec. Cikelet, Kabupaten Garut, Jawa Barat 44177",2026-07-24T04:09:20.055514Z,https://www.google.com/maps/place/Wisata+Pantai+Santolo/data=!4m7!3m6!1s0x2e66160e4308d623:0x46ac9c2499aae50f!8m2!3d-7.6622622!4d107.6849379!16s%2Fg%2F11fxvg4zdv!19sChIJI9YIQw4WZi4RD-WqmSScrEY?authuser=0&hl=id&rclk=1,success
Awi lega,Tujuan Wisata,5.0,"CQVG+5J, Sukamukti, Kec. Cisompet, Kabupaten Garut, Jawa Barat 44174",2026-07-24T04:09:22.292457Z,https://www.google.com/maps/place/Awi+lega/data=!4m7!3m6!1s0x2e661b003eb64439:0x4cb78b0102883926!8m2!3d-7.557076!4d107.776585!16s%2Fg%2F11zk4g4q6t!19sChIJOUS2PgAbZi4RJjmIAgGLt0w?authuser=0&hl=id&rclk=1,success
Curug ( saya belum kasih nama ),Tujuan Wisata,4.9,"JM6P+FHV Ngetriv bisa lewat Pangalengan arah jalur ke stamplat ,( bisa tanya di terminal Pangalengan, Pakenjeng, Kec. Pakenjeng, Kabupaten Garut, Jawa Barat 44164",2026-07-24T04:09:24.157570Z,https://www.google.com/maps/place/Curug+%28+saya+belum+kasih+nama+%29/data=!4m7!3m6!1s0x2e68a1004c389841:0x1044d8249ef64a9d!8m2!3d-7.3887618!4d107.6864349!16s%2Fg%2F11vyr9hq6_!19sChIJQZg4TAChaC4RnUr2niTYRBA?authuser=0&hl=id&rclk=1,success
Puncak malaya,Tujuan Wisata,4.5,"FPQ2+865, Girimukti, Kec. Cikelet, Kabupaten Garut, Jawa Barat 44177",2026-07-24T04:09:26.608526Z,https://www.google.com/maps/place/Puncak+malaya/data=!4m7!3m6!1s0x2e66198bafdd4eff:0x58d67b8cc531ad14!8m2!3d-7.511746!4d107.7006014!16s%2Fg%2F11fs17dnxz!19sChIJ_07dr4sZZi4RFK0xxYx71lg?authuser=0&hl=id&rclk=1,success
Wisata Kuliner Kerkof,Restoran,4.6,"QWR2+QGW, Jl. Merdeka, Haurpanggung, Kec. Tarogong Kidul, Kabupaten Garut, Jawa Barat 44151",2026-07-24T04:09:28.656878Z,https://www.google.com/maps/place/Wisata+Kuliner+Kerkof/data=!4m7!3m6!1s0x2e68b194c347ed47:0x7ed789f2a2c287c!8m2!3d-7.2072928!4d107.9009917!16s%2Fg%2F11nn334w64!19sChIJR-1Hw5SxaC4RfCgsKp947Qc?authuser=0&hl=id&rclk=1,success
Pantai Cilayu,Tujuan Wisata,4.3,"FFP5+GR3, Indralayang, Kec. Caringin, Kabupaten Garut, Jawa Barat 44166",2026-07-24T04:09:31.376326Z,https://www.google.com/maps/place/Pantai+Cilayu/data=!4m7!3m6!1s0x2e662f4b2d54311f:0x16e07668ea9ad2a6!8m2!3d-7.5137411!4d107.4595388!16s%2Fg%2F11fy4plst2!19sChIJHzFULUsvZi4RptKa6mh24BY?authuser=0&hl=id&rclk=1,success
Rumah Makan Perahu Seaside,Tujuan Wisata,4.5,"Jl. Pantai Sayang Heulang, Mancagahar, Kec. Pameungpeuk, Kabupaten Garut, Jawa Barat 44175",2026-07-24T04:09:33.658360Z,https://www.google.com/maps/place/Rumah+Makan+Perahu+Seaside/data=!4m7!3m6!1s0x2e661705ab09864d:0xcf53c007683aa34f!8m2!3d-7.6674287!4d107.700749!16s%2Fg%2F11m9phsbhq!19sChIJTYYJqwUXZi4RT6M6aAfAU88?authuser=0&hl=id&rclk=1,success
saung si kumpay,Tujuan Wisata,4.5,"RWPW+G7W, kampung jolok batu, Sukaratu, Kec. Banyuresmi, Kabupaten Garut, Jawa Barat 44191",2026-07-24T04:09:36.179861Z,https://www.google.com/maps/place/saung+si+kumpay/data=!4m7!3m6!1s0x2e68b11903a0d39f:0xa56ae2d4ed1dca97!8m2!3d-7.1636275!4d107.9456898!16s%2Fg%2F11lrk0txbd!19sChIJn9OgAxmxaC4Rl8od7dTiaqU?authuser=0&hl=id&rclk=1,success
Tirtagangga Hot Spring Resort Cipanas,Kolam Renang,4.6,"Jl. Raya Cipanas No.16, Pananjung, Kec. Tarogong Kaler, Kabupaten Garut, Jawa Barat 44151",2026-07-24T04:09:38.833281Z,https://www.google.com/maps/place/Tirtagangga+Hot+Spring+Resort+Cipanas/data=!4m7!3m6!1s0x2e68b1586c26f253:0x8fbff33c9676b138!8m2!3d-7.1780964!4d107.8715204!16s%2Fg%2F11nt5ph7v7!19sChIJU_ImbFixaC4ROLF2ljzzv48?authuser=0&hl=id&rclk=1,success
Gerbang Destinasi Wisata Cipanas,Tujuan Wisata,4.7,"RVFR+P63, Jl. Cipanas Baru, Pananjung, Kec. Tarogong Kaler, Kabupaten Garut, Jawa Barat 44151",2026-07-24T04:09:41.594335Z,https://www.google.com/maps/place/Gerbang+Destinasi+Wisata+Cipanas/data=!4m7!3m6!1s0x2e68b199355e4c93:0x2de863170b4d7dbc!8m2!3d-7.1757311!4d107.890562!16s%2Fg%2F11jcqjfm_4!19sChIJk0xeNZmxaC4RvH1NCxdj6C0?authuser=0&hl=id&rclk=1,success
Gunung Dayeuh Luhur,Tujuan Wisata,5.0,"FMPC+6CQ, Girimukti, Kec. Cikelet, Kabupaten Garut, Jawa Barat 44177",2026-07-24T04:09:43.922124Z,https://www.google.com/maps/place/Gunung+Dayeuh+Luhur/data=!4m7!3m6!1s0x2e6619734744060d:0x2b485738866de117!8m2!3d-7.5144102!4d107.6711088!16s%2Fg%2F11k6dstgm7!19sChIJDQZER3MZZi4RF-FthjhXSCs?authuser=0&hl=id&rclk=1,success
Lamping Cirorek,Tujuan Wisata,4.4,"Unnamed Road, Cilawu, Kec. Cilawu, Kabupaten Garut, Jawa Barat 44181",2026-07-24T04:09:46.434848Z,https://www.google.com/maps/place/Lamping+Cirorek/data=!4m7!3m6!1s0x2e68af652b5588a5:0xef8312214b6a65b4!8m2!3d-7.279894!4d107.94898!16s%2Fg%2F11rfczpdxq!19sChIJpYhVK2WvaC4RtGVqSyESg-8?authuser=0&hl=id&rclk=1,success
Wisata Alam Darajat Garut,Tujuan Wisata,4.4,"Jl. Raya Darajat No.Km. 13, Karyamekar, Kec. Pasirwangi, Kabupaten Garut, Jawa Barat 44161",2026-07-24T04:09:49.117093Z,https://www.google.com/maps/place/Wisata+Alam+Darajat+Garut/data=!4m7!3m6!1s0x2e68bc8d16fdb1bd:0x8ba5f0dae442c74a!8m2!3d-7.2175343!4d107.7467004!16s%2Fg%2F11gfxnpv95!19sChIJvbH9Fo28aC4RSsdC5NrwpYs?authuser=0&hl=id&rclk=1,success
De Wisdom Garut,Tujuan Wisata,4.3,"Kp. Cimuncang, RT.03/RW.07, Rancabango, Kec. Tarogong Kaler, Kabupaten Garut, Jawa Barat 44151",2026-07-24T04:09:51.650827Z,https://www.google.com/maps/place/De+Wisdom+Garut/data=!4m7!3m6!1s0x2e68b09ff2376d0d:0xa752684ba389a629!8m2!3d-7.1872408!4d107.8596675!16s%2Fg%2F11c5zwq0cm!19sChIJDW038p-waC4RKaaJo0toUqc?authuser=0&hl=id&rclk=1,success
Alun-alun Garut,Taman Kota,4.5,"Jl. Ahmad Yani No.22, Paminggir, Kec. Garut Kota, Kabupaten Garut, Jawa Barat 44118",2026-07-24T04:09:54.039910Z,https://www.google.com/maps/place/Alun-alun+Garut/data=!4m7!3m6!1s0x2e68b1ae6aaaaaab:0x828571d17a4000eb!8m2!3d-7.2162364!4d107.9014264!16s%2Fg%2F1pzw63ymp!19sChIJq6qqaq6xaC4R6wBAetFxhYI?authuser=0&hl=id&rclk=1,success
Curug kembar,Tujuan Wisata,5.0,"HP8C+6V, Talagawangi, Kec. Pakenjeng, Kabupaten Garut, Jawa Barat 44164",2026-07-24T04:09:56.789943Z,https://www.google.com/maps/place/Curug+kembar/data=!4m7!3m6!1s0x2e661f007101b2af:0xe37270dbc441d6c6!8m2!3d-7.4351816!4d107.7222981!16s%2Fg%2F11yfx63r02!19sChIJr7IBcQAfZi4RxtZBxNtwcuM?authuser=0&hl=id&rclk=1,success
Wisata Alam,Tujuan Wisata,4.6,"WWCQ+G22, Karanganyar, Kec. Leuwigoong, Kabupaten Garut, Jawa Barat 44192",2026-07-24T04:09:59.901068Z,https://www.google.com/maps/place/Wisata+Alam/data=!4m7!3m6!1s0x2e68c9dc56501075:0x79a47419585e298!8m2!3d-7.0787334!4d107.9375103!16s%2Fg%2F11fp95kmwf!19sChIJdRBQVtzJaC4RmOKFlUFHmgc?authuser=0&hl=id&rclk=1,success
Sabda Alam Water Park,Tujuan Wisata,4.4,"Jl. Otista No.2, Rancabango, Kec. Tarogong Kaler, Kabupaten Garut, Jawa Barat 44151",2026-07-24T04:10:02.647578Z,https://www.google.com/maps/place/Sabda+Alam+Water+Park/data=!4m7!3m6!1s0x2e68b1003a7e5655:0xdb9e0e70c2867bad!8m2!3d-7.182925!4d107.8740733!16s%2Fg%2F11lyxk827g!19sChIJVVZ-OgCxaC4RrXuGwnAOnts?authuser=0&hl=id&rclk=1,success
Pantai Karang Tepas,Pantai,4.4,"Purbayani, Kec. Caringin, Kabupaten Garut, Jawa Barat 44166",2026-07-24T04:10:05.187995Z,https://www.google.com/maps/place/Pantai+Karang+Tepas/data=!4m7!3m6!1s0x2e66258a38a6f6e1:0x9c3e144f152745bb!8m2!3d-7.5375471!4d107.4814247!16s%2Fg%2F11f32zpt__!19sChIJ4famOIolZi4Ru0UnFU8UPpw?authuser=0&hl=id&rclk=1,success
Panorama PANTAI SELATAN Jawa Barat,Titik Pemandangan,4.9,"FG4H+5M2, Unnamed Road, Karangwangi, Mekarmukti, Garut Regency, West Java 44165",2026-07-24T04:10:07.928357Z,https://www.google.com/maps/place/Panorama+PANTAI+SELATAN+Jawa+Barat/data=!4m7!3m6!1s0x2e662452e8201e85:0xe02cd948f0a47499!8m2!3d-7.5446087!4d107.5291402!16s%2Fg%2F11f3pskn6z!19sChIJhR4g6FIkZi4RmXSk8EjZLOA?authuser=0&hl=id&rclk=1,success
Desa Wisata Cibolerang,Tujuan Wisata,,"RXH9+MG6, Cinunuk, Kec. Wanaraja, Kabupaten Garut, Jawa Barat 44183",2026-07-24T04:10:10.114464Z,https://www.google.com/maps/place/Desa+Wisata+Cibolerang/data=!4m7!3m6!1s0x2e68b300541c0431:0xf4e000689ecd0703!8m2!3d-7.1708481!4d107.968767!16s%2Fg%2F11npwnm2r4!19sChIJMQQcVACzaC4RAwfNnmgA4PQ?authuser=0&hl=id&rclk=1,success
Pantai Cidahon,Tujuan Wisata,3.8,"CJH2+M7, Karangsari, Kec. Pakenjeng, Kabupaten Garut, Jawa Barat 44164",2026-07-24T04:10:12.483441Z,https://www.google.com/maps/place/Pantai+Cidahon/data=!4m7!3m6!1s0x2e6623b097f40bc3:0x8fe119408dd62be7!8m2!3d-7.570785!4d107.60063!16s%2Fg%2F11smvsv0k9!19sChIJwwv0l7AjZi4R5yvWjUAZ4Y8?authuser=0&hl=id&rclk=1,success
RM SARI COBEK CANGKUANG,Restoran Sunda,4.5,"Unnamed Road, Cangkuang, Kec. Leles, Kabupaten Garut, Jawa Barat 44119",2026-07-24T04:10:15.014490Z,https://www.google.com/maps/place/RM+SARI+COBEK+CANGKUANG/data=!4m7!3m6!1s0x2e68b6384208f809:0x28c82542b291b367!8m2!3d-7.100384!4d107.919538!16s%2Fg%2F11bwkdls53!19sChIJCfgIQji2aC4RZ7ORskIlyCg?authuser=0&hl=id&rclk=1,success
Kebun Paniisan Ridwan RJ,Tujuan Wisata,,"CQVR+WRG, Jl. Mekarsari, Sukamukti, Kec. Cisompet, Kabupaten Garut, Jawa Barat 44174",2026-07-24T04:10:17.277600Z,https://www.google.com/maps/place/Kebun+Paniisan+Ridwan+RJ/data=!4m7!3m6!1s0x2e661b0014b3abc3:0xd852795afbbad8cb!8m2!3d-7.555628!4d107.791459!16s%2Fg%2F11zck1p3wb!19sChIJw6uzFAAbZi4Ry9i6-1p5Utg?authuser=0&hl=id&rclk=1,success
Curug Orete,Tujuan Wisata,3.7,"HQCH+MFF, Talagawangi, Kec. Pakenjeng, Kabupaten Garut, Jawa Barat 44164",2026-07-24T04:10:20.328175Z,https://www.google.com/maps/place/Curug+Orete/data=!4m7!3m6!1s0x2e661dc249b6b1ff:0xc7dc2a89980479ec!8m2!3d-7.42831!4d107.7786818!16s%2Fg%2F11l9rw_s4x!19sChIJ_7G2ScIdZi4R7HkEmIkq3Mc?authuser=0&hl=id&rclk=1,success
REST AREA REBBANA,Tujuan Wisata,4.5,"GR7J+69V, Mekarwangi, Kec. Cihurip, Kabupaten Garut, Jawa Barat 44173",2026-07-24T04:10:22.447828Z,https://www.google.com/maps/place/REST+AREA+REBBANA/data=!4m7!3m6!1s0x2e661d1349ba658d:0x4a809f8de95ed7a6!8m2!3d-7.487446!4d107.830936!16s%2Fg%2F11tnzqkcjx!19sChIJjWW6SRMdZi4Rptde6Y2fgEo?authuser=0&hl=id&rclk=1,success
Curug Cihanyawar Cilawu,Tujuan Wisata,4.5,"MW87+R78, Unnamed Road, Sukamurni, Cilawu, Garut Regency, West Java 44181",2026-07-24T04:10:24.742451Z,https://www.google.com/maps/place/Curug+Cihanyawar+Cilawu/data=!4m7!3m6!1s0x2e68a92c402f68c1:0x7a164ad7a66ca211!8m2!3d-7.3329597!4d107.9132175!16s%2Fg%2F11d_8t3xm_!19sChIJwWgvQCypaC4REaJsptdKFno?authuser=0&hl=id&rclk=1,success
Pantai pangikis,Otoritas Pelabuhan,4.8,"7RJP+FC8, Unnamed Road, Sancang, Kec. Cibalong, Kabupaten Garut, Jawa Barat 44176",2026-07-24T04:10:27.330098Z,https://www.google.com/maps/place/Pantai+pangikis/data=!4m7!3m6!1s0x2e661384d784e065:0x6646b858b462428!8m2!3d-7.718833!4d107.836067!16s%2Fg%2F11lgqb1m_q!19sChIJZeCE14QTZi4RKCRGi4VrZAY?authuser=0&hl=id&rclk=1,success
Kp babakan,Tujuan Wisata,,"FQV3+77, Linggamanik, Kec. Cikelet, Kabupaten Garut, Jawa Barat 44177",2026-07-24T04:10:29.799651Z,https://www.google.com/maps/place/Kp+babakan/data=!4m7!3m6!1s0x2e66190c65cc2b1b:0x550dcfdd6722dc18!8m2!3d-7.506809!4d107.753222!16s%2Fg%2F11l5p5gs19!19sChIJGyvMZQwZZi4RGNwiZ93PDVU?authuser=0&hl=id&rclk=1,success
Taman Wisata Beko Cibatu,Taman,3.9,"WX4M+C62, Jl. Ki Hajar Dewantara, Kp.Asem, Keresek, Kec. Cibatu, Kabupaten Garut, Jawa Barat 44185",2026-07-24T04:10:32.894704Z,https://www.google.com/maps/place/Taman+Wisata+Beko+Cibatu/data=!4m7!3m6!1s0x2e68b522743a42f3:0x96a48fa0048c97e8!8m2!3d-7.0953731!4d107.9797352!16s%2Fg%2F11j2369ljp!19sChIJ80I6dCK1aC4R6JeMBKCPpJY?authuser=0&hl=id&rclk=1,success
Eco Wisata Desa Wanasari,Tujuan Wisata,,"RXPG+JWM, Wanasari, Kec. Wanaraja, Kabupaten Garut, Jawa Barat 44183",2026-07-24T04:10:34.589066Z,https://www.google.com/maps/place/Eco+Wisata+Desa+Wanasari/data=!4m7!3m6!1s0x2e68b3007d06d799:0x962ad30a2e50c15c!8m2!3d-7.1634106!4d107.9772877!16s%2Fg%2F11m_6hdxvt!19sChIJmdcGfQCzaC4RXMFQLgrTKpY?authuser=0&hl=id&rclk=1,success
Snorkeling sayang heulang beach,Tujuan Wisata,4.7,"8MJX+F52, Mancagahar, Kec. Pameungpeuk, Kabupaten Garut, Jawa Barat",2026-07-24T04:10:36.761303Z,https://www.google.com/maps/place/Snorkeling+sayang+heulang+beach/data=!4m7!3m6!1s0x2e661714025919a3:0x1f67c216369a69bb!8m2!3d-7.6688633!4d107.6978897!16s%2Fg%2F11hz5z11qm!19sChIJoxlZAhQXZi4Ru2maNhbCZx8?authuser=0&hl=id&rclk=1,success
Cipanas Desa No.02 RT 01 RW 02 Desa Kertajaya,Tujuan Wisata,5.0,"VXPJ+423, Kertajaya, Kec. Cibatu, Kabupaten Garut, Jawa Barat 44185",2026-07-24T04:10:38.426133Z,https://www.google.com/maps/place/Cipanas+Desa+No.02+RT+01+RW+02+Desa+Kertajaya/data=!4m7!3m6!1s0x2e68b55bc6501ba5:0x4436da04f24d1c70!8m2!3d-7.1147493!4d107.980044!16s%2Fg%2F11shxyq74x!19sChIJpRtQxlu1aC4RcBxN8gTaNkQ?authuser=0&hl=id&rclk=1,success
Hutan Kota Pasir Muncang,Taman,4.4,"RW53+3GR, Haurpanggung, Kec. Tarogong Kidul, Kabupaten Garut, Jawa Barat 44151",2026-07-24T04:10:41.015286Z,https://www.google.com/maps/place/Hutan+Kota+Pasir+Muncang/data=!4m7!3m6!1s0x2e68b0e25bd237cf:0xb674d679e9d87f36!8m2!3d-7.1922532!4d107.9037623!16s%2Fg%2F11bx520d94!19sChIJzzfSW-KwaC4RNn_Y6XnWdLY?authuser=0&hl=id&rclk=1,success
Kawah Darajat,Tujuan Wisata,4.3,"QPCH+FF6, Padaawas, Pasirwangi, Sarimukti, Kec. Pasirwangi, Kabupaten Garut, Jawa Barat 44161",2026-07-24T04:10:43.957638Z,https://www.google.com/maps/place/Kawah+Darajat/data=!4m7!3m6!1s0x2e68bc8d1d5ba7bd:0x36a376134fa7b7a6!8m2!3d-7.2288479!4d107.7286503!16s%2Fg%2F122ds6v_!19sChIJvadbHY28aC4RprenTxN2ozY?authuser=0&hl=id&rclk=1,success
Bumi Upi,Restoran Indonesia,4.5,"Jl. Cimanuk No.312, Pataruman, Kec. Tarogong Kidul, Kabupaten Garut, Jawa Barat 44150",2026-07-24T04:10:46.479120Z,https://www.google.com/maps/place/Bumi+Upi/data=!4m7!3m6!1s0x2e68b12830e65c0b:0x2c91d54344bce017!8m2!3d-7.203467!4d107.890253!16s%2Fg%2F11ks6m4vlr!19sChIJC1zmMCixaC4RF-C8REPVkSw?authuser=0&hl=id&rclk=1,success
Awit Sinar Alam Darajat Garut,Tujuan Wisata,4.4,"Kp. Awit Darajat, Jl. Darajat No.Km 24, RT.006/RW.005, Padaawas, Kec. Pasirwangi, Kabupaten Garut, Jawa Barat 44162",2026-07-24T04:10:49.066064Z,https://www.google.com/maps/place/Awit+Sinar+Alam+Darajat+Garut/data=!4m7!3m6!1s0x2e68a5affe1d95e3:0x5218372182dac87e!8m2!3d-7.2186179!4d107.7414247!16s%2Fg%2F1hm6k6b25!19sChIJ45Ud_q-laC4RfsjagiE3GFI?authuser=0&hl=id&rclk=1,success
Wisata Alam Batu Lempar,Tujuan Wisata,4.6,"PXV5+RGQ, Jl. Godog, Godog, Kec. Karangpawitan, Kabupaten Garut, Jawa Barat 44182",2026-07-24T04:10:52.484844Z,https://www.google.com/maps/place/Wisata+Alam+Batu+Lempar/data=!4m7!3m6!1s0x2e68adf8363c1f9b:0x8226c7c914506e7!8m2!3d-7.255405!4d107.958849!16s%2Fg%2F11h8brr_hr!19sChIJmx88NvitaC4R5wZFkXxsIgg?authuser=0&hl=id&rclk=1,success
Desa Wisata Saung Ciburial,Tujuan Wisata,4.5,"Sukalaksana, Kec. Samarang, Kabupaten Garut, Jawa Barat 44161",2026-07-24T04:10:54.498336Z,https://www.google.com/maps/place/Desa+Wisata+Saung+Ciburial/data=!4m7!3m6!1s0x2e68ba546209b903:0xa71cc115b72812f9!8m2!3d-7.2050522!4d107.8123723!16s%2Fg%2F11c0vyr089!19sChIJA7kJYlS6aC4R-RIotxXBHKc?authuser=0&hl=id&rclk=1,success
Wisata,Hotel,,"QWC5+PJ5, Kota Kulon, Kec. Garut Kota, Kabupaten Garut, Jawa Barat 44112",2026-07-24T04:10:56.378946Z,https://www.google.com/maps/place/Wisata/data=!4m7!3m6!1s0x2e68b1ab371c6c6b:0x2aa1a760dc143dad!8m2!3d-7.2282436!4d107.9090975!16s%2Fg%2F11tf7gb0bd!19sChIJa2wcN6uxaC4RrT0U3GCnoSo?authuser=0&hl=id&rclk=1,success
Es Goyobod Ude,Restoran,4.6,"Jl. Kiansantang No.24, Paminggir, Kec. Garut Kota, Kabupaten Garut, Jawa Barat 44118",2026-07-24T04:10:58.990048Z,https://www.google.com/maps/place/Es+Goyobod+Ude/data=!4m7!3m6!1s0x2e68b04c4612db1f:0xbbc72aa6c1f382b8!8m2!3d-7.2191861!4d107.9015997!16s%2Fg%2F11c0r5bwmv!19sChIJH9sSRkywaC4RuILzwaYqx7s?authuser=0&hl=id&rclk=1,success
View deck sayang heulang,Tujuan Wisata,4.7,"8PJ3+X9Q, Mancagahar, Kec. Pameungpeuk, Kabupaten Garut, Jawa Barat 44175",2026-07-24T04:11:01.249625Z,https://www.google.com/maps/place/View+deck+sayang+heulang/data=!4m7!3m6!1s0x2e66179ce82c0c3f:0x478e86e3bc0fcf70!8m2!3d-7.6678326!4d107.7033396!16s%2Fg%2F11t30ztrw3!19sChIJPwws6JwXZi4RcM8PvOOGjkc?authuser=0&hl=id&rclk=1,success
Curug Sanghyang Taraje,Tujuan Wisata,4.6,"Kp. Kombongan, Pakenjeng, Kec. Pamulihan, Kabupaten Garut, Jawa Barat 44164",2026-07-24T04:11:03.427823Z,https://www.google.com/maps/place/Curug+Sanghyang+Taraje/data=!4m7!3m6!1s0x2e661fe6b255124b:0x2c43d0576a0f62f8!8m2!3d-7.4266177!4d107.6876426!16s%2Fg%2F11c6w0585j!19sChIJSxJVsuYfZi4R-GIPalfQQyw?authuser=0&hl=id&rclk=1,success
K. ASEP PARK 2,Tujuan Wisata,,"FPFP+Q5X, Linggamanik, Kec. Cikelet, Kabupaten Garut, Jawa Barat 44177",2026-07-24T04:11:05.409677Z,https://www.google.com/maps/place/K.+ASEP+PARK+2/data=!4m7!3m6!1s0x2e66199140804f89:0x6da2e32c41c5cbbd!8m2!3d-7.5255055!4d107.7354848!16s%2Fg%2F11kq_3gbqd!19sChIJiU-AQJEZZi4RvcvFQSzjom0?authuser=0&hl=id&rclk=1,success
Wisata TONJONG,Tujuan Wisata,4.8,"GMQC+W39, Jl. Raya Depok Bungbulang, Depok, Kec. Pakenjeng, Kabupaten Garut, Jawa Barat 44164",2026-07-24T04:11:07.888538Z,https://www.google.com/maps/place/Wisata+TONJONG/data=!4m7!3m6!1s0x2e661f651387aa73:0x8a7724070bc5a4e6!8m2!3d-7.4602095!4d107.6702311!16s%2Fg%2F11hy50yldd!19sChIJc6qHE2UfZi4R5qTFCwckd4o?authuser=0&hl=id&rclk=1,success
Wisata alam reuma,Area Mendaki,,"pangadegan No.12, Margawati, Kec. Garut Kota, Kabupaten Garut, Jawa Barat 44113",2026-07-24T04:11:10.655509Z,https://www.google.com/maps/place/Wisata+alam+reuma/data=!4m7!3m6!1s0x2e68af002ac7bf15:0xb63668408f6061cc!8m2!3d-7.2689451!4d107.9324442!16s%2Fg%2F11vxmkv5lt!19sChIJFb_HKgCvaC4RzGFgj0BoNrY?authuser=0&hl=id&rclk=1,success
Pantai Cijeruk Indah,Pantai,4.3,"Sagara, Kec. Pameungpeuk, Kabupaten Garut, Jawa Barat 44176",2026-07-24T04:11:12.800199Z,https://www.google.com/maps/place/Pantai+Cijeruk+Indah/data=!4m7!3m6!1s0x2e65fba2a017818b:0xef7badd2836c50e2!8m2!3d-7.706096!4d107.8356724!16s%2Fg%2F11bxvhg94c!19sChIJi4EXoKL7ZS4R4lBsg9Kte-8?authuser=0&hl=id&rclk=1,success
Ramen Gorilla,Restoran Jepang,4.4,"Jl. Terusan Pembangunan, Pataruman, Kec. Tarogong Kidul, Kabupaten Garut, Jawa Barat 44151",2026-07-24T04:11:15.468750Z,https://www.google.com/maps/place/Ramen+Gorilla/data=!4m7!3m6!1s0x2e68b0fe9977618b:0x63fb794575b15478!8m2!3d-7.2009594!4d107.9014532!16s%2Fg%2F11bccm5j6m!19sChIJi2F3mf6waC4ReFSxdUV5-2M?authuser=0&hl=id&rclk=1,success
Pantai Gunung Sulah,Taman bermain,4.9,"9MR2+7J, Cigadog, Kec. Cikelet, Kabupaten Garut, Jawa Barat 44177",2026-07-24T04:11:18.408721Z,https://www.google.com/maps/place/Pantai+Gunung+Sulah/data=!4m7!3m6!1s0x2e663dabf341f677:0x6856586056cd5b7c!8m2!3d-7.6043069!4d107.6578473!16s%2Fg%2F11l2hz3scc!19sChIJd_ZB86s9Zi4RfFvNVmBYVmg?authuser=0&hl=id&rclk=1,success
Pantai Gunung Geder Cikelet,Tujuan Wisata,4.2,"9MM7+798, Cijambe, Kec. Cikelet, Kabupaten Garut, Jawa Barat 44177",2026-07-24T04:11:20.727323Z,https://www.google.com/maps/place/Pantai+Gunung+Geder+Cikelet/data=!4m7!3m6!1s0x2e663d630800f4b1:0x96d05fdf5885f001!8m2!3d-7.6168354!4d107.6634662!16s%2Fg%2F11cn3lsy8g!19sChIJsfQACGM9Zi4RAfCFWN9f0JY?authuser=0&hl=id&rclk=1,success
Pantai Taman Manalusu,Tujuan Wisata,4.4,"Indian Ocean, Kabupaten Garut, Jawa Barat",2026-07-24T04:11:22.813114Z,https://www.google.com/maps/place/Pantai+Taman+Manalusu/data=!4m7!3m6!1s0x2e663d2ad1bb403d:0x3939d35c4710f9cf!8m2!3d-7.5902891!4d107.6239562!16s%2Fg%2F11c0pnxgk7!19sChIJPUC70So9Zi4Rz_kQR1zTOTk?authuser=0&hl=id&rclk=1,success
Curug Cikopo,Tujuan Wisata,4.2,"JMCJ+VVV, Garumukti, Kec. Pamulihan, Kabupaten Garut, Jawa Barat 44168",2026-07-24T04:11:25.320699Z,https://www.google.com/maps/place/Curug+Cikopo/data=!4m7!3m6!1s0x2e68a1d235940249:0x9e153688e5555d8b!8m2!3d-7.3777655!4d107.6821615!16s%2Fg%2F11fylv8m3s!19sChIJSQKUNdKhaC4Ri11V5Yg2FZ4?authuser=0&hl=id&rclk=1,success
Wisata Kp. Leuwi Panjang,Tujuan Wisata,,"Kp.Leuwi Panjang, Girimukti, Kec. Cikelet, Kabupaten Garut, Jawa Barat 44177",2026-07-24T04:11:27.229355Z,https://www.google.com/maps/place/Wisata+Kp.+Leuwi+Panjang/data=!4m7!3m6!1s0x2e6619b6cfcd5a4f:0x11d5e6f0f82d21a4!8m2!3d-7.510832!4d107.707269!16s%2Fg%2F11khs8jct2!19sChIJT1rNz7YZZi4RpCEt-PDm1RE?authuser=0&hl=id&rclk=1,success
HdG Kampung Amsterdam Dayeuh Manggung Garut,Tujuan Wisata,4.3,"MWM5+JH6, Unnamed Road, Sukatani, Kec. Cilawu, Kabupaten Garut, Jawa Barat 44181",2026-07-24T04:11:30.115188Z,https://www.google.com/maps/place/HdG+Kampung+Amsterdam+Dayeuh+Manggung+Garut/data=!4m7!3m6!1s0x2e68aed902f7c0b9:0xecd388a0f2cb8fdc!8m2!3d-7.315956!4d107.9088756!16s%2Fg%2F11g9dk1m98!19sChIJucD3AtmuaC4R3I_L8qCI0-w?authuser=0&hl=id&rclk=1,success
Pantai Pelabuhan Cimari Muara,Tujuan Wisata,4.5,"CJ88+WQ5, Karangsari, Kec. Pakenjeng, Kabupaten Garut, Jawa Barat 44164",2026-07-24T04:11:32.593936Z,https://www.google.com/maps/place/Pantai+Pelabuhan+Cimari+Muara/data=!4m7!3m6!1s0x2e662306aaaaaaab:0x4c271e45c09909f0!8m2!3d-7.5827383!4d107.6169852!16s%2Fg%2F11bw5071rw!19sChIJq6qqqgYjZi4R8AmZwEUeJ0w?authuser=0&hl=id&rclk=1,success
Roti & Kopi Gudang Rasa,Kafe,4.6,"Jl. Bank No.09, Paminggir, Kec. Garut Kota, Kabupaten Garut, Jawa Barat 44118",2026-07-24T04:11:35.771863Z,https://www.google.com/maps/place/Roti+%26+Kopi+Gudang+Rasa/data=!4m7!3m6!1s0x2e68b051811c9be9:0xb0d7a3b8956c8710!8m2!3d-7.2136918!4d107.8996357!16s%2Fg%2F11c2qqg2rd!19sChIJ6ZscgVGwaC4REIdslbij17A?authuser=0&hl=id&rclk=1,success
Dermaga Timur Pantai Rancabuaya,Tujuan Wisata,4.8,"FF9H+GWH, Unnamed Road, Purbayani, Kec. Caringin, Kabupaten Garut, Jawa Barat 44166",2026-07-24T04:11:37.774082Z,https://www.google.com/maps/place/Dermaga+Timur+Pantai+Rancabuaya/data=!4m7!3m6!1s0x2e6625eba1824971:0xf631547f185e52b7!8m2!3d-7.5311915!4d107.4798579!16s%2Fg%2F11rfq4zzlk!19sChIJcUmCoeslZi4Rt1JeGH9UMfY?authuser=0&hl=id&rclk=1,success
Tirtagangga Hot Spring Resort,N/A,4.5,"Jl. Raya Cipanas No.130, Cimanganten, Kec. Tarogong Kaler, Kabupaten Garut, Jawa Barat 44151",2026-07-24T04:11:40.773102Z,https://www.google.com/maps/place/Tirtagangga+Hot+Spring+Resort/data=!4m10!3m9!1s0x2e68b0bad962c173:0x8a6fb386c89f7308!5m2!4m1!1i2!8m2!3d-7.1779975!4d107.8713149!16s%2Fg%2F1tdt3w5v!19sChIJc8Fi2bqwaC4RCHOfyIazb4o?authuser=0&hl=id&rclk=1,success
N/A,N/A,,N/A,2026-07-24T11:11:41.776584,https://www.google.com/maps/place/Curug+Ngebul/data=!4m7!3m6!1s0x2e661d003a4d9d4f:0x49567e6470ca930f!8m2!3d-7.4517689!4d107.8090481!16s%2Fg%2F11msmqtdpz!19sChIJT51NOgAdZi4RD5PKcGR-Vkk?authuser=0&hl=id&rclk=1,failed
Darajat Pass,N/A,4.5,"Jl. Puncak Darajat No.14, Karyamekar, Kec. Pasirwangi, Kabupaten Garut, Jawa Barat 44161",2026-07-24T04:12:41.008920Z,https://www.google.com/maps/place/Darajat+Pass/data=!4m10!3m9!1s0x2e68a5b004ceabfb:0x3814becc0fa05bd0!5m2!4m1!1i2!8m2!3d-7.217783!4d107.745082!16s%2Fg%2F1hm5tqcky!19sChIJ-6vOBLClaC4R0FugD8y-FDg?authuser=0&hl=id&rclk=1,success
Padepokan Juragan Empang,Tujuan Wisata,5.0,"GQ5V+W7V, Neglasari, Kec. Cisompet, Kabupaten Garut, Jawa Barat 44174",2026-07-24T04:12:43.768281Z,https://www.google.com/maps/place/Padepokan+Juragan+Empang/data=!4m7!3m6!1s0x2e661dc99f9c65c3:0x3c9eb672e4ece326!8m2!3d-7.490132!4d107.7931592!16s%2Fg%2F11jzxlmjm3!19sChIJw2Wcn8kdZi4RJuPs5HK2njw?authuser=0&hl=id&rclk=1,success
Taman Wisata Puncak Cisaruni,Taman,4.4,"JPQW+JFX, Unnamed Road, Margamulya, Kec. Cikajang, Kabupaten Garut, Jawa Barat 44171",2026-07-24T04:12:46.194719Z,https://www.google.com/maps/place/Taman+Wisata+Puncak+Cisaruni/data=!4m7!3m6!1s0x2e68a1394958899d:0x40c8b6b4aa9dcd49!8m2!3d-7.3608795!4d107.7462301!16s%2Fg%2F11gflxrthr!19sChIJnYlYSTmhaC4RSc2dqrS2yEA?authuser=0&hl=id&rclk=1,success
Pantai Sayang Heulang,Pantai,4.4,"Unnamed Road, Mancagahar, Kec. Pameungpeuk, Kabupaten Garut, Jawa Barat 44175",2026-07-24T04:12:48.491168Z,https://www.google.com/maps/place/Pantai+Sayang+Heulang/data=!4m7!3m6!1s0x2e66160b1d29e995:0x34663b09eb8e26b4!8m2!3d-7.667897!4d107.6903758!16s%2Fg%2F11g871qh5w!19sChIJlekpHQsWZi4RtCaO6wk7ZjQ?authuser=0&hl=id&rclk=1,success
RM Sugema Raya,Restoran Sunda,4.5,"RW52+W6J, Jl. Suherman, Tarogong, Kec. Tarogong Kidul, Kabupaten Garut, Jawa Barat 44151",2026-07-24T04:12:50.485010Z,https://www.google.com/maps/place/RM+Sugema+Raya/data=!4m7!3m6!1s0x2e68b1d71e5dea1d:0xc23d0fab9e7f52eb!8m2!3d-7.1901578!4d107.9005303!16s%2Fg%2F11flm9rtl9!19sChIJHepdHtexaC4R61J_nqsPPcI?authuser=0&hl=id&rclk=1,success
Kebun Mawar SITUHAPA Samarang,N/A,4.5,"Jl. Raya Kamojang No.KM. 5, Sukakarya, Kec. Samarang, Kabupaten Garut, Jawa Barat 44161",2026-07-24T04:12:52.872311Z,https://www.google.com/maps/place/Kebun+Mawar+SITUHAPA+Samarang/data=!4m7!3m6!1s0x2e68bbd1a497396d:0x9686b95d592149b8!8m2!3d-7.1938275!4d107.8109245!16s%2Fg%2F12hnmg7dv!19sChIJbTmXpNG7aC4RuEkhWV25hpY?authuser=0&hl=id&rclk=1,success
Kebun anggur rancaucing,Tujuan Wisata,5.0,"RXW6+XM8, Binakarya, Kec. Banyuresmi, Kabupaten Garut, Jawa Barat 44191",2026-07-24T04:12:54.603419Z,https://www.google.com/maps/place/Kebun+anggur+rancaucing/data=!4m7!3m6!1s0x2e68b5786c893993:0xdb38d8a27695a6cb!8m2!3d-7.152597!4d107.9616588!16s%2Fg%2F11tf4_9sjs!19sChIJkzmJbHi1aC4Ry6aVdqLYONs?authuser=0&hl=id&rclk=1,success
Wisata Situ Bagendit 2,Tujuan Wisata,4.4,"RWPV+8RC, Sukaratu, Kec. Banyuresmi, Kabupaten Garut, Jawa Barat 44191",2026-07-24T04:12:57.499407Z,https://www.google.com/maps/place/Wisata+Situ+Bagendit+2/data=!4m7!3m6!1s0x2e68b17ec1749b7b:0xda091e6b5bc94e75!8m2!3d-7.1641949!4d107.9445206!16s%2Fg%2F11fj316mng!19sChIJe5t0wX6xaC4RdU7JW2seCdo?authuser=0&hl=id&rclk=1,success
Kubang Bale,Tujuan Wisata,5.0,"GP84+W76, Girimukti, Kec. Cikelet, Kabupaten Garut, Jawa Barat 44177",2026-07-24T04:12:59.980531Z,https://www.google.com/maps/place/Kubang+Bale/data=!4m7!3m6!1s0x2e661fbd0656bfd3:0xe3f276955e39491!8m2!3d-7.4827067!4d107.7056282!16s%2Fg%2F11vhgfx2jc!19sChIJ079WBr0fZi4RkZTjVWknPw4?authuser=0&hl=id&rclk=1,success
Curug Cigandi,Tujuan Wisata,3.7,"PV65+C98, Unnamed Road, Hegarmanah, Kec. Bayongbong, Kabupaten Garut, Jawa Barat 44162",2026-07-24T04:13:03.217799Z,https://www.google.com/maps/place/Curug+Cigandi/data=!4m7!3m6!1s0x2e68af304226d1c5:0x91fbb0820deb0b7b!8m2!3d-7.288961!4d107.858445!16s%2Fg%2F11hdqp1gwd!19sChIJxdEmQjCvaC4RewvrDYKw-5E?authuser=0&hl=id&rclk=1,success
Curug Cilimbung,Area Rekreasi Alam,5.0,"FRX6+8F2, Neglasari, Kec. Cisompet, Kabupaten Garut, Jawa Barat 44174",2026-07-24T04:13:05.372834Z,https://www.google.com/maps/place/Curug+Cilimbung/data=!4m7!3m6!1s0x2e661bfab9067443:0x77b5df71c2aec057!8m2!3d-7.5017375!4d107.8111406!16s%2Fg%2F11fv4dbbr4!19sChIJQ3QGufobZi4RV8CuwnHftXc?authuser=0&hl=id&rclk=1,success
Tujuh Curug Cimanganten,Tujuan Wisata,4.5,"QQWQ+GQM, Kp. Kawungluwuk, Padamulya, Garut, Kabupaten Garut, Jawa Barat 44161",2026-07-24T04:13:07.185106Z,https://www.google.com/maps/place/Tujuh+Curug+Cimanganten/data=!4m7!3m6!1s0x2e68bba23876e8e7:0xbbb82c494e7fb92a!8m2!3d-7.2036562!4d107.7894067!16s%2Fg%2F11cjj5c82y!19sChIJ5-h2OKK7aC4RKrl_TkksuLs?authuser=0&hl=id&rclk=1,success
Kuliner Guntur,Kafe,5.0,"Jl. Guntur No.267, Kota Wetan, Kec. Garut Kota, Kabupaten Garut, Jawa Barat 44111",2026-07-24T04:13:09.755299Z,https://www.google.com/maps/place/Kuliner+Guntur/data=!4m7!3m6!1s0x2e68b1ee864433f3:0xa8bc1c1f8fa57992!8m2!3d-7.2139809!4d107.9128117!16s%2Fg%2F11tn7yb93j!19sChIJ8zNEhu6xaC4Rknmljx8cvKg?authuser=0&hl=id&rclk=1,success
Saung Pananjung,Restoran Steak,4.4,"Jl. Cipanas Baru No.509, Pananjung, Kec. Tarogong Kaler, Kabupaten Garut, Jawa Barat 44151",2026-07-24T04:13:12.339680Z,https://www.google.com/maps/place/Saung+Pananjung/data=!4m7!3m6!1s0x2e68b0c5f79ef199:0xbaf5d7368170c738!8m2!3d-7.1753622!4d107.8891842!16s%2Fg%2F11ck1qb1h2!19sChIJmfGe98WwaC4ROMdwgTbX9bo?authuser=0&hl=id&rclk=1,success
Curug Nini Cikelet,Tujuan Wisata,3.0,"CPGM+F74, Linggamanik, Kec. Cikelet, Kabupaten Garut, Jawa Barat 44177",2026-07-24T04:13:14.832102Z,https://www.google.com/maps/place/Curug+Nini+Cikelet/data=!4m7!3m6!1s0x2e6619c497ec2da3:0x181e2b222a467b4a!8m2!3d-7.573853!4d107.7332143!16s%2Fg%2F11dxr0v_pd!19sChIJoy3sl8QZZi4RSntGKiIrHhg?authuser=0&hl=id&rclk=1,success
Rumah Makan Lumbung Padi Garut,Restoran,4.5,"QWC2+FM3, Jl. Raya Bayongbong - Garut, RW.1, Muara Sanding, Kec. Garut Kota, Kabupaten Garut, Jawa Barat 44119",2026-07-24T04:13:17.831537Z,https://www.google.com/maps/place/Rumah+Makan+Lumbung+Padi+Garut/data=!4m7!3m6!1s0x2e68b14a09790e01:0x8c09c7222476de75!8m2!3d-7.2288526!4d107.9016854!16s%2Fg%2F11pb1s4ngl!19sChIJAQ55CUqxaC4Rdd52JCLHCYw?authuser=0&hl=id&rclk=1,success
Pantai Punaga,Pantai,4.4,"Jawa Barat",2026-07-24T04:13:19.490892Z,https://www.google.com/maps/place/Pantai+Punaga/data=!4m7!3m6!1s0x2e661420510f1f61:0x70e9c0e7af895d33!8m2!3d-7.6708333!4d107.7375!16s%2Fg%2F11c533yzlz!19sChIJYR8PUSAUZi4RM12Jr-fA6XA?authuser=0&hl=id&rclk=1,success
Wisata Desa Pangauban,Tujuan Wisata,4.7,"PQHH+232, Unnamed Road, Pangauban, Kec. Cisurupan, Kabupaten Garut, Jawa Barat 44163",2026-07-24T04:13:21.624754Z,https://www.google.com/maps/place/Wisata+Desa+Pangauban/data=!4m7!3m6!1s0x2e68a5ae89c6ebaf:0x8e56b6e2da2356d8!8m2!3d-7.2724924!4d107.7776545!16s%2Fg%2F11rfl8d6ly!19sChIJr-vGia6laC4R2FYj2uK2Vo4?authuser=0&hl=id&rclk=1,success
Santolo beach 2,Taman,4.5,"8MWQ+4MR, Jl. Pantai Santolo, Pamalayan, Kec. Cikelet, Kabupaten Garut, Jawa Barat 44177",2026-07-24T04:13:23.579359Z,https://www.google.com/maps/place/Santolo+beach+2/data=!4m7!3m6!1s0x2e661759e9a5b63b:0xe8108215a93122db!8m2!3d-7.6546485!4d107.6891264!16s%2Fg%2F11nn0t94vr!19sChIJO7al6VkXZi4R2yIxqRWCEOg?authuser=0&hl=id&rclk=1,success
Penginapan & Peralatan Camping Pantai Santolo,Layanan Sewa Tenda,4.2,"Jl. Pantai Santolo, Pamalayan, Kec. Pameungpeuk, Kabupaten Garut, Jawa Barat 44177",2026-07-24T04:13:25.837046Z,https://www.google.com/maps/place/Penginapan+%26+Peralatan+Camping+Pantai+Santolo/data=!4m7!3m6!1s0x2e6617c88ba7a6c7:0x7a479e8d5128b34f!8m2!3d-7.6584587!4d107.688705!16s%2Fg%2F11nn0th35n!19sChIJx6ani8gXZi4RT7MoUY2eR3o?authuser=0&hl=id&rclk=1,success
Gunung Putri Intan Dewata,Tujuan Wisata,4.3,"RR9X+RHR, Mekarjaya, Kec. Tarogong Kaler, Kabupaten Garut, Jawa Barat 44151",2026-07-24T04:13:27.718718Z,https://www.google.com/maps/place/Gunung+Putri+Intan+Dewata/data=!4m7!3m6!1s0x2e68bb19383abf25:0x97a4326fd08e42bb!8m2!3d-7.1803822!4d107.8488813!16s%2Fg%2F11j9cxpvtj!19sChIJJb86OBm7aC4Ru0KO0G8ypJc?authuser=0&hl=id&rclk=1,success
Rumah Makan Khas Sunda Cibiuk,Restoran Sunda,4.6,"Jl. Otista No.321, Pananjung, Kec. Tarogong Kaler, Kabupaten Garut, Jawa Barat 40115",2026-07-24T04:13:29.581748Z,https://www.google.com/maps/place/Rumah+Makan+Khas+Sunda+Cibiuk/data=!4m7!3m6!1s0x2e68b0cf83293649:0x2103282daaa72eca!8m2!3d-7.1747119!4d107.8908507!16s%2Fg%2F1tjrygrn!19sChIJSTYpg8-waC4Ryi6nqi0oAyE?authuser=0&hl=id&rclk=1,success
Nagara Hot Spring Experience,Kolam Renang Umum,4.7,"Jl. Raya Cipanas No.18, Rancabango, Kec. Tarogong Kaler, Kabupaten Garut, Jawa Barat 44151",2026-07-24T04:13:32.265850Z,https://www.google.com/maps/place/Nagara+Hot+Spring+Experience/data=!4m7!3m6!1s0x2e68b132f4f9cdf1:0x9c35c974d3f7e36a!8m2!3d-7.1779611!4d107.8707794!16s%2Fg%2F11vk39t0_h!19sChIJ8c359DKxaC4RauP303TJNZw?authuser=0&hl=id&rclk=1,success
Wisata Kebun Naga Poernama Garut,Tujuan Wisata,4.7,"Bayongbong, Kec. Bayongbong, Kabupaten Garut, Jawa Barat 44162",2026-07-24T04:13:35.369256Z,https://www.google.com/maps/place/Wisata+Kebun+Naga+Poernama+Garut/data=!4m7!3m6!1s0x2e68a55f6bddc72d:0x1b6d6214e777a0a!8m2!3d-7.2741217!4d107.8212185!16s%2Fg%2F11fk46f3w4!19sChIJLcfda1-laC4RCnp3TiHWtgE?authuser=0&hl=id&rclk=1,success
Bendungan Lebak cikaso,Tujuan Wisata,,"CQQM+QP, Sukamukti, Kec. Cisompet, Kabupaten Garut, Jawa Barat 44174",2026-07-24T04:13:38.638704Z,https://www.google.com/maps/place/Bendungan+Lebak+cikaso/data=!4m7!3m6!1s0x2e661b0056fa4f91:0x24009b3a1ede2831!8m2!3d-7.5605986!4d107.7843715!16s%2Fg%2F11x_lpwnxh!19sChIJkU_6VgAbZi4RMSjeHjqbACQ?authuser=0&hl=id&rclk=1,success
Wisata kuliner Saung Kang Ujang,Restoran,4.4,"QWCQ+58G, Jl. Godog, Tanjungsari, Kec. Karangpawitan, Kabupaten Garut, Jawa Barat 44182",2026-07-24T04:13:41.107942Z,https://www.google.com/maps/place/Wisata+kuliner+Saung+Kang+Ujang/data=!4m7!3m6!1s0x2e68b11e971fbfc9:0xc855d28d9da420ec!8m2!3d-7.2295559!4d107.9383172!16s%2Fg%2F11v0c7gv__!19sChIJyb8flx6xaC4R7CCknY3SVcg?authuser=0&hl=id&rclk=1,success
Wisata Sungai Ciharus,Tujuan Wisata,4.5,"Kp.Cogreg, Dano, Kec. Leles, Kabupaten Garut, Jawa Barat 44152",2026-07-24T04:13:43.889176Z,https://www.google.com/maps/place/Wisata+Sungai+Ciharus/data=!4m7!3m6!1s0x2e68b773cc15dee1:0xf10fe20bc13b5e14!8m2!3d-7.1091899!4d107.861556!16s%2Fg%2F11nmnr3chh!19sChIJ4d4VzHO3aC4RFF47wQviD_E?authuser=0&hl=id&rclk=1,success
Taman Kiansantang,Taman Kota,4.5,"QWJ2+4G5, Paminggir, Kec. Garut Kota, Kabupaten Garut, Jawa Barat 44118",2026-07-24T04:13:47.205475Z,https://www.google.com/maps/place/Taman+Kiansantang/data=!4m7!3m6!1s0x2e68b11a511de98d:0xc35d1f04946f8779!8m2!3d-7.2197356!4d107.9013547!16s%2Fg%2F11h6r5spy7!19sChIJjekdURqxaC4ReYdvlAQfXcM?authuser=0&hl=id&rclk=1,success
Pantai Muara cimangke,Tujuan Wisata,,"9MQ4+45, Kabupaten Garut, Jawa Barat",2026-07-24T04:13:49.378820Z,https://www.google.com/maps/place/Pantai+Muara+cimangke/data=!4m7!3m6!1s0x2e663d002a9656ef:0x4f666e58172d7bca!8m2!3d-7.6121875!4d107.6554375!16s%2Fg%2F11y_px01r3!19sChIJ71aWKgA9Zi4RynstF1huZk8?authuser=0&hl=id&rclk=1,success
Pantai santolo,Tujuan Wisata,4.5,"8MXQ+X3J, Jl. Pantai Santolo, Pamalayan, Kec. Cikelet, Kabupaten Garut, Jawa Barat 44177",2026-07-24T04:13:51.781117Z,https://www.google.com/maps/place/Pantai+santolo/data=!4m7!3m6!1s0x2e6617646fae701b:0x41a0e2d9b29251f4!8m2!3d-7.6500434!4d107.6876413!16s%2Fg%2F11pz2t2tz8!19sChIJG3Cub2QXZi4R9FGSstnioEE?authuser=0&hl=id&rclk=1,success
Pantai Sancang,Tujuan Wisata,4.7,"7V6P+GF8, Sancang, Kec. Cibalong, Kabupaten Garut, Jawa Barat 44176",2026-07-24T04:13:53.942765Z,https://www.google.com/maps/place/Pantai+Sancang/data=!4m7!3m6!1s0x2e660d36f63a22b5:0xfc36cba156f463e1!8m2!3d-7.7387149!4d107.8861918!16s%2Fg%2F11bc8cx45m!19sChIJtSI69jYNZi4R4WP0VqHLNvw?authuser=0&hl=id&rclk=1,success
Rumah Makan Hangat,Restoran Masakan Ayam,4.3,"Jl. Raya Kadungora, Leles, Kec. Leles, Kabupaten Garut, Jawa Barat 44152",2026-07-24T04:13:57.145353Z,https://www.google.com/maps/place/Rumah+Makan+Hangat/data=!4m7!3m6!1s0x2e68b7c9a2f66137:0x2074a761cb59565c!8m2!3d-7.1003043!4d107.8980221!16s%2Fg%2F1hm6d09hl!19sChIJN2H2osm3aC4RXFZZy2GndCA?authuser=0&hl=id&rclk=1,success
Kolong Langit Coffee Camp,Tujuan Wisata,4.4,"Unnamed Road, Cilawu, Kec. Cilawu, Kabupaten Garut, Jawa Barat 44181",2026-07-24T04:13:59.427366Z,https://www.google.com/maps/place/Kolong+Langit+Coffee+Camp/data=!4m7!3m6!1s0x2e68afb7b51c1c1b:0xeade1c1bd4b42de3!8m2!3d-7.2820241!4d107.9347429!16s%2Fg%2F11q2rz0hzk!19sChIJGxwctbevaC4R4y201Bsc3uo?authuser=0&hl=id&rclk=1,success
Camping Ground - Situ Cibeureum,Tujuan Wisata,4.4,"RRQ4+CQQ, Sukakarya, Kec. Samarang, Kabupaten Garut, Jawa Barat 44161",2026-07-24T04:14:01.402634Z,https://www.google.com/maps/place/Camping+Ground+-+Situ+Cibeureum/data=!4m7!3m6!1s0x2e68b9791690e3d1:0x3a0ce37a18d581b1!8m2!3d-7.161403!4d107.806985!16s%2Fg%2F11g8k0ktc5!19sChIJ0eOQFnm5aC4RsYHVGHrjDDo?authuser=0&hl=id&rclk=1,success
Pantai ciporeang ( sancang),Tujuan Wisata,4.6,"7V6P+5X7, Sancang, Kec. Cibalong, Kabupaten Garut, Jawa Barat 44176",2026-07-24T04:14:04.664384Z,https://www.google.com/maps/place/Pantai+ciporeang+%28+sancang%29/data=!4m7!3m6!1s0x2e660d457f89e6d1:0x56409ed89e1a6d50!8m2!3d-7.7395783!4d107.8874206!16s%2Fg%2F11stb98m0h!19sChIJ0eaJf0UNZi4RUG0antieQFY?authuser=0&hl=id&rclk=1,success
Situ Bagendit,Danau,4.3,"Sukamukti, Kec. Banyuresmi, Kabupaten Garut, Jawa Barat",2026-07-24T04:14:07.910927Z,https://www.google.com/maps/place/Situ+Bagendit/data=!4m7!3m6!1s0x2e68b6ad62bb7ebd:0xe6c00fe24bcfb64b!8m2!3d-7.1608333!4d107.9413889!16s%2Fg%2F121gpq4z!19sChIJvX67Yq22aC4RS7bPS-IPwOY?authuser=0&hl=id&rclk=1,success
Situ Cidahu,Tujuan Wisata,4.9,"QWVM+H82, Cidahu, Kec. Karangpawitan, Kabupaten Garut, Jawa Barat 44182",2026-07-24T04:14:10.641360Z,https://www.google.com/maps/place/Situ+Cidahu/data=!4m7!3m6!1s0x2e68b1b0fa73c20f:0xa53ec66be22e8ddb!8m2!3d-7.206119!4d107.9332595!16s%2Fg%2F11rt_501zj!19sChIJD8Jz-rCxaC4R240u4mvGPqU?authuser=0&hl=id&rclk=1,success
Taman Bunga PuncakKalang,Tujuan Wisata,,"FQX7+GC9, Linggamanik, Kec. Cikelet, Kabupaten Garut, Jawa Barat 44177",2026-07-24T04:14:14.613484Z,https://www.google.com/maps/place/Taman+Bunga+PuncakKalang/data=!4m7!3m6!1s0x2e661b205bb7a405:0x80ff11f33913069b!8m2!3d-7.5012204!4d107.763621!16s%2Fg%2F11fm6v5b2f!19sChIJBaS3WyAbZi4RmwYTOfMR_4A?authuser=0&hl=id&rclk=1,success
Kolam renang cipanas indah,Kolam Renang,4.0,"RVCC+M3X, Rancabango, Kec. Tarogong Kaler, Kabupaten Garut, Jawa Barat 44151",2026-07-24T04:14:16.354136Z,https://www.google.com/maps/place/Kolam+renang+cipanas+indah/data=!4m7!3m6!1s0x2e68b12e78427fdf:0xc655d2e349e07f02!8m2!3d-7.1782524!4d107.870245!16s%2Fg%2F11j120lmrj!19sChIJ339CeC6xaC4RAn_gSePSVcY?authuser=0&hl=id&rclk=1,success
Pantai ci awi desa samudra jaya caringin garut selatan,Tujuan Wisata,,"FFW6+5C2 samudra jaya, Desa, Cimahi, Kec. Caringin, Kabupaten Garut, Jawa Barat 44166",2026-07-24T04:14:18.970319Z,https://www.google.com/maps/place/Pantai+ci+awi+desa+samudra+jaya+caringin+garut+selatan/data=!4m7!3m6!1s0x2e662910d77d4681:0x8e07af21fbffb2c5!8m2!3d-7.5046105!4d107.4610265!16s%2Fg%2F11sdbld7s_!19sChIJgUZ91xApZi4RxbL_-yGvB44?authuser=0&hl=id&rclk=1,success
Kolam Air Panas Cikarees,Pemandian di Ruang Terbuka,4.1,"V2G2+R7F, Sukasono, Kec. Sukawening, Kabupaten Garut, Jawa Barat 44184",2026-07-24T04:14:21.452810Z,https://www.google.com/maps/place/Kolam+Air+Panas+Cikarees/data=!4m7!3m6!1s0x2e68b5f3a55cd307:0x29011f2b48c40ac4!8m2!3d-7.1229497!4d108.000685!16s%2Fg%2F11f5n3hjpd!19sChIJB9NcpfO1aC4RxArESCsfASk?authuser=0&hl=id&rclk=1,success
Wisata Sawah Pa Jeje,Tujuan Wisata,,"FRMM+W8C, Mekarwangi, Kec. Cihurip, Kabupaten Garut, Jawa Barat 44173",2026-07-24T04:14:23.289019Z,https://www.google.com/maps/place/Wisata+Sawah+Pa+Jeje/data=!4m7!3m6!1s0x2e661b0135eb9035:0xcf385d375ce0daa8!8m2!3d-7.5151854!4d107.8332745!16s%2Fg%2F11kbqhz458!19sChIJNZDrNQEbZi4RqNrgXDddOM8?authuser=0&hl=id&rclk=1,success
CIBITUNG (ALVAN),Tujuan Wisata,3.7,"CQQX+QJ2, Sukamukti, Kec. Cisompet, Kabupaten Garut, Jawa Barat 44174",2026-07-24T04:14:25.774444Z,https://www.google.com/maps/place/CIBITUNG+%28ALVAN%29/data=!4m7!3m6!1s0x2e661b0057abb377:0x7e0d84863f1e663!8m2!3d-7.5606125!4d107.7990156!16s%2Fg%2F11vww4nz57!19sChIJd7OrVwAbZi4RY-bxY0jY4Ac?authuser=0&hl=id&rclk=1,success
Hutan Kota Kerkhof,Taman,4.3,"QWV2+8VW, Jl. Merdeka, Haurpanggung, Kec. Tarogong Kidul, Kabupaten Garut, Jawa Barat 44151",2026-07-24T04:14:28.476164Z,https://www.google.com/maps/place/Hutan+Kota+Kerkhof/data=!4m7!3m6!1s0x2e68b0559fdb12b9:0x105584750c8602a!8m2!3d-7.2066386!4d107.9022089!16s%2Fg%2F1hm4tzrk1!19sChIJuRLbn1WwaC4RKmDIUEdYBQE?authuser=0&hl=id&rclk=1,success
Curug leutik cai,Tujuan Wisata,4.0,"FRVR+X4, Mekarwangi, Kec. Cihurip, Kabupaten Garut, Jawa Barat 44173",2026-07-24T04:14:30.500548Z,https://www.google.com/maps/place/Curug+leutik+cai/data=!4m7!3m6!1s0x2e661b006e71fbb3:0xab384314a84a3a61!8m2!3d-7.5050442!4d107.8403287!16s%2Fg%2F11lzvlrhbf!19sChIJs_txbgAbZi4RYTpKqBRDOKs?authuser=0&hl=id&rclk=1,success
Curug Ciharus Dano Leles,Tujuan Wisata,4.4,"Dano, Kec. Leles, Kabupaten Garut, Jawa Barat 44152",2026-07-24T04:14:33.224140Z,https://www.google.com/maps/place/Curug+Ciharus+Dano+Leles/data=!4m7!3m6!1s0x2e68b82dc4f4d743:0x6066053cac05a208!8m2!3d-7.1207669!4d107.8484857!16s%2Fg%2F11bz_r6d7f!19sChIJQ9f0xC24aC4RCKIFrDwFZmA?authuser=0&hl=id&rclk=1,success
Racik Desa,Restoran Sunda,4.3,"Jl. Cipanas Baru No.1, Pananjung, Kec. Tarogong Kaler, Kabupaten Garut, Jawa Barat 44151",2026-07-24T04:14:35.655113Z,https://www.google.com/maps/place/Racik+Desa/data=!4m7!3m6!1s0x2e68b0ee15383adf:0x86a9d65d9ec3f333!8m2!3d-7.175234!4d107.8905981!16s%2Fg%2F1hm2l7v24!19sChIJ3zo4Fe6waC4RM_PDnl3WqYY?authuser=0&hl=id&rclk=1,success
Wisata Gunung Guntur & Parkir,Tujuan Wisata,4.8,"Pananjung, Kec. Tarogong Kaler, Kabupaten Garut, Jawa Barat 44151",2026-07-24T04:14:38.920832Z,https://www.google.com/maps/place/Wisata+Gunung+Guntur+%26+Parkir/data=!4m7!3m6!1s0x2e68b71b567b5551:0x9614cf2895d7f444!8m2!3d-7.1629496!4d107.8827025!16s%2Fg%2F11fmz1st4y!19sChIJUVV7Vhu3aC4RRPTXlSjPFJY?authuser=0&hl=id&rclk=1,success
Puncak Parabon Kamojang,Tujuan Wisata,4.4,"Jl. Raya Kamojang, Sukalaksana, Kec. Samarang, Kabupaten Garut, Jawa Barat 44161",2026-07-24T04:14:41.446239Z,https://www.google.com/maps/place/Puncak+Parabon+Kamojang/data=!4m7!3m6!1s0x2e68bb20a33429ed:0xd403c733820d1515!8m2!3d-7.1731387!4d107.8008253!16s%2Fg%2F11qmc0kp9v!19sChIJ7Sk0oyC7aC4RFRUNgjPHA9Q?authuser=0&hl=id&rclk=1,success
Kedai Itikurih,Restoran,4.3,"Jl. Bratayuda No.124, Kota Kulon, Kec. Garut Kota, Kabupaten Garut, Jawa Barat 44112",2026-07-24T04:14:44.095075Z,https://www.google.com/maps/place/Kedai+Itikurih/data=!4m7!3m6!1s0x2e68b1cbcc243783:0x65e4c0dbf9e5f931!8m2!3d-7.2286031!4d107.9107004!16s%2Fg%2F11jk6jpzz_!19sChIJgzckzMuxaC4RMfnl-dvA5GU?authuser=0&hl=id&rclk=1,success
Curug Ciarjuna,Tujuan Wisata,4.8,"Panawa, Kec. Pamulihan, Kabupaten Garut, Jawa Barat 44168",2026-07-24T04:14:46.512051Z,https://www.google.com/maps/place/Curug+Ciarjuna/data=!4m7!3m6!1s0x2e68a1ce808d2cef:0x5b6bc968a2549082!8m2!3d-7.37461!4d107.683779!16s%2Fg%2F11df6ywnw6!19sChIJ7yyNgM6haC4RgpBUomjJa1s?authuser=0&hl=id&rclk=1,success
Ranca buaya,Pantai,4.3,Jawa Barat,2026-07-24T04:14:48.588844Z,https://www.google.com/maps/place/Ranca+buaya/data=!4m7!3m6!1s0x2e6625f561bdc247:0xc2335e4baf437ba4!8m2!3d-7.529545!4d107.4801298!16s%2Fg%2F12353nfh!19sChIJR8K9YfUlZi4RpHtDr0teM8I?authuser=0&hl=id&rclk=1,success
Gurun Sahara Pantai Sayang Heulang,Tujuan Wisata,4.8,"8PM4+7J2, Mancagahar, Kec. Pameungpeuk, Kabupaten Garut, Jawa Barat 44175",2026-07-24T04:14:50.654853Z,https://www.google.com/maps/place/Gurun+Sahara+Pantai+Sayang+Heulang/data=!4m7!3m6!1s0x2e6617c55d25ccf7:0xf6135c3cfbcb4269!8m2!3d-7.6668665!4d107.7065241!16s%2Fg%2F11krgk_8gz!19sChIJ98wlXcUXZi4RaULL-zxcE_Y?authuser=0&hl=id&rclk=1,success
Taman Indonesia Bahagia,Restoran,4.4,"Jalan Raya Wanaraja legok, Jl. Samanggen Desa, Wanajaya, Kec. Wanaraja, Kabupaten Garut, Jawa Barat 44183",2026-07-24T04:14:52.473153Z,https://www.google.com/maps/place/Taman+Indonesia+Bahagia/data=!4m7!3m6!1s0x2e68b38f1715d1b7:0x9bc7b2bdf4ffc672!8m2!3d-7.1676676!4d107.9864731!16s%2Fg%2F11bwm4d3nw!19sChIJt9EVF4-zaC4Rcsb_9L2yx5s?authuser=0&hl=id&rclk=1,success
Pantai Citanggeuleuk,Tujuan Wisata,4.7,"CGWX+W23, Kp. Citanggeuleuk Ds. Kec. Kab., Karangwangi, Kec. Mekarmukti, Kabupaten Garut, Jawa Barat 44165",2026-07-24T04:14:55.123859Z,https://www.google.com/maps/place/Pantai+Citanggeuleuk/data=!4m7!3m6!1s0x2e6624f5a698b14f:0xfa3a1d23df140e22!8m2!3d-7.5527345!4d107.5475351!16s%2Fg%2F11ckr4pxkj!19sChIJT7GYpvUkZi4RIg4U3yMdOvo?authuser=0&hl=id&rclk=1,success
Kolam Renang Air Panas (Puncak Jaya Darajat),Tujuan Wisata,4.3,"QQR5+2C8, Jl. Raya Darajat Jl. Pasirwangi, Padaawas, Kec. Pasirwangi, Kabupaten Garut, Jawa Barat 44161",2026-07-24T04:14:57.570019Z,https://www.google.com/maps/place/Kolam+Renang+Air+Panas+%28Puncak+Jaya+Darajat%29/data=!4m7!3m6!1s0x2e68bda4b30e4a49:0x47e1c6698aa2704d!8m2!3d-7.2099571!4d107.7585763!16s%2Fg%2F11pf87txg9!19sChIJSUoOs6S9aC4RTXCiimnG4Uc?authuser=0&hl=id&rclk=1,success
Wisata Kuliner Pangumbahan,Kedai Sarapan & Makan Siang,5.0,"QRCM+656, Jl. Raya Simpang - Samarang, Sirnasari, Kec. Samarang, Kabupaten Garut, Jawa Barat 44162",2026-07-24T04:15:00.359052Z,https://www.google.com/maps/place/Wisata+Kuliner+Pangumbahan/data=!4m7!3m6!1s0x2e68bb002644dce7:0x8078475e2deb5f05!8m2!3d-7.2294014!4d107.8328591!16s%2Fg%2F11njgj_32g!19sChIJ59xEJgC7aC4RBV_rLV5HeIA?authuser=0&hl=id&rclk=1,success
Pantai Haji koko,Tujuan Wisata,5.0,"CJG3+WPV, Cicalengka, garut selatan, Garut Regency, West Java 44164",2026-07-24T04:15:03.343988Z,https://www.google.com/maps/place/Pantai+Haji+koko/data=!4m7!3m6!1s0x2e66230e3a275317:0xb4a7ad9e6db86a86!8m2!3d-7.5726442!4d107.6042906!16s%2Fg%2F11jszfmvdt!19sChIJF1MnOg4jZi4Rhmq4bZ6tp7Q?authuser=0&hl=id&rclk=1,success
desa wisata samida,Pusat Informasi Pariwisata,5.0,"2266+72, Samida, Kec. Selaawi, Kabupaten Garut, Jawa Barat 44187",2026-07-24T04:15:05.688000Z,https://www.google.com/maps/place/desa+wisata+samida/data=!4m7!3m6!1s0x2e68cd3fc4f84a31:0xadd8dfaa46c10ee1!8m2!3d-6.989629!4d108.0183739!16s%2Fg%2F11kc8kg48s!19sChIJMUr4xD_NaC4R4Q7BRqrf2K0?authuser=0&hl=id&rclk=1,success
Pantai Cicadas,Tujuan Wisata,4.8,"CJ2P+327, Cigadog, Kec. Cikelet, Kabupaten Garut, Jawa Barat 44177",2026-07-24T04:15:07.651302Z,https://www.google.com/maps/place/Pantai+Cicadas/data=!4m7!3m6!1s0x2e663db387aeb613:0x416eb368069eb68b!8m2!3d-7.5998357!4d107.6350609!16s%2Fg%2F11vlr5lryp!19sChIJE7auh7M9Zi4Ri7aeBmizbkE?authuser=0&hl=id&rclk=1,success
Antapura De Djati,Tujuan Wisata,4.5,"WXM7+P9Q, Jl. Raya Leuwigoong, Cibiuk Kaler, Kec. Cibiuk, Kabupaten Garut, Jawa Barat 44193",2026-07-24T04:15:10.339273Z,https://www.google.com/maps/place/Antapura+De+Djati/data=!4m7!3m6!1s0x2e68cbbd64c9f31f:0x6487253e70657e3b!8m2!3d-7.0611833!4d107.9650564!16s%2Fg%2F11rp7mypcp!19sChIJH_PJZL3LaC4RO35lcD4lh2Q?authuser=0&hl=id&rclk=1,success
Wisata Pantai Gunung Geder,Tujuan Wisata,5.0,"Jl. Lintas Selatan, Kp. Gunung Geder, Cijambe, Kec. Cikelet, Kabupaten Garut, Jawa Barat 44177",2026-07-24T04:15:13.468241Z,https://www.google.com/maps/place/Wisata+Pantai+Gunung+Geder/data=!4m7!3m6!1s0x2e663dc350ecd7c9:0x53a237ae7e8c0f92!8m2!3d-7.616709!4d107.6626669!16s%2Fg%2F11vy1f7rl2!19sChIJydfsUMM9Zi4Rkg-Mfq43olM?authuser=0&hl=id&rclk=1,success
Situ Cigekgok,Tujuan Wisata,4.6,"FM5V+J89, Kertamukti, Kec. Cikelet, Kabupaten Garut, Jawa Barat 44177",2026-07-24T04:15:15.542865Z,https://www.google.com/maps/place/Situ+Cigekgok/data=!4m7!3m6!1s0x2e66194d189e2f79:0xe4d98c55019afdf2!8m2!3d-7.5409722!4d107.6933648!16s%2Fg%2F11jjpnlx7n!19sChIJeS-eGE0ZZi4R8v2aAVWM2eQ?authuser=0&hl=id&rclk=1,success
Domba House Lasminingrat,Restoran Sate,4.5,"Jl. Pataruman No.1b, Pataruman, Kec. Tarogong Kidul, Kabupaten Garut, Jawa Barat 44151",2026-07-24T04:15:18.572864Z,https://www.google.com/maps/place/Domba+House+Lasminingrat/data=!4m7!3m6!1s0x2e68b0f7e66d1bb9:0xa49f6bc9a3a013ac!8m2!3d-7.2057275!4d107.8927533!16s%2Fg%2F11cspy_h48!19sChIJuRtt5vewaC4RrBOgo8lrn6Q?authuser=0&hl=id&rclk=1,success
Pujasega bale tingtrim,Restoran Sunda,4.4,"Jalan Otto Iskandardinata No. 64, Tarogong, Pananjung, Cimanganten, Kec. Tarogong Kaler, Kabupaten Garut, Jawa Barat 44151",2026-07-24T04:15:21.231197Z,https://www.google.com/maps/place/Pujasega+bale+tingtrim/data=!4m7!3m6!1s0x2e68b0c3cb7bd99d:0xd49a89e61706e8d9!8m2!3d-7.1849774!4d107.8892947!16s%2Fg%2F1hm5m9ltx!19sChIJndl7y8OwaC4R2egGF-aJmtQ?authuser=0&hl=id&rclk=1,success
Cipanas Indah Hotel,N/A,4.1,"Jl. Raya Cipanas No.151, Rancabango, Kec. Tarogong Kaler, Kabupaten Garut, Jawa Barat 44151",2026-07-24T04:15:23.806478Z,https://www.google.com/maps/place/Cipanas+Indah+Hotel/data=!4m10!3m9!1s0x2e68b0bad7cbbf35:0x55d38eade2b0e9ef!5m2!4m1!1i2!8m2!3d-7.178365!4d107.8707681!16s%2Fg%2F1trs_9n1!19sChIJNb_L17qwaC4R7-mw4q2O01U?authuser=0&hl=id&rclk=1,success
Datar bungur,Tujuan Wisata,,"FMXW+735, Girimukti, Kec. Cikelet, Kabupaten Garut, Jawa Barat 44177",2026-07-24T04:15:26.078169Z,https://www.google.com/maps/place/Datar+bungur/data=!4m7!3m6!1s0x2e661f006bda68f9:0xe26f2dd87d551bec!8m2!3d-7.5018614!4d107.695243!16s%2Fg%2F11x2317ps8!19sChIJ-WjaawAfZi4R7BtVfdgtb-I?authuser=0&hl=id&rclk=1,success
Wisata kebon muncang,Taman bermain,,"RWM5+QCP, Jl. Cikondang, Tj. Kamuning, Kec. Tarogong Kaler, Kabupaten Garut, Jawa Barat 44151",2026-07-24T04:15:27.807351Z,https://www.google.com/maps/place/Wisata+kebon+muncang/data=!4m7!3m6!1s0x2e68b1f9b83224d1:0xe93e225c9b630d70!8m2!3d-7.1655303!4d107.9085899!16s%2Fg%2F11s5fmncnq!19sChIJ0SQyuPmxaC4RcA1jm1wiPuk?authuser=0&hl=id&rclk=1,success
Warung Asakan,Restoran,4.7,"Jl. Cimanuk No.243, Paminggir, Kec. Garut Kota, Kabupaten Garut, Jawa Barat 44118",2026-07-24T04:15:30.234291Z,https://www.google.com/maps/place/Warung+Asakan/data=!4m7!3m6!1s0x2e68b1f232a6273b:0x92160c0649cc0b0b!8m2!3d-7.2134531!4d107.899289!16s%2Fg%2F11gh94fd1j!19sChIJOyemMvKxaC4RCwvMSQYMFpI?authuser=0&hl=id&rclk=1,success
Babancong Garut / gedung pendopo,Bangunan Bersejarah,4.6,"Jl. Kabupaten Garut No.15, Paminggir, Kec. Garut Kota, Kabupaten Garut, Jawa Barat 44118",2026-07-24T04:15:32.848591Z,https://www.google.com/maps/place/Babancong+Garut+%2F+gedung+pendopo/data=!4m7!3m6!1s0x2e68b051703924a1:0x24797ec4e98ea3bb!8m2!3d-7.2167563!4d107.9013785!16s%2Fg%2F11bc7ns461!19sChIJoSQ5cFGwaC4Ru6OO6cR-eSQ?authuser=0&hl=id&rclk=1,success
Pantai Papandayan,Pantai,4.3,"Pantai Papandayan, Cigadog, Kec. Cikelet, Kabupaten Garut, Jawa Barat 44177",2026-07-24T04:15:35.091751Z,https://www.google.com/maps/place/Pantai+Papandayan/data=!4m7!3m6!1s0x2e6622d581d8e28f:0xe6e3ac762c5e5afe!8m2!3d-7.5876506!4d107.6217783!16s%2Fg%2F11d_d47mqr!19sChIJj-LYgdUiZi4R_lpeLHas4-Y?authuser=0&hl=id&rclk=1,success
Saung cigobang,Tujuan Wisata,,"GQ8V+67Q, Neglasari, Kec. Cisompet, Kabupaten Garut, Jawa Barat 44174",2026-07-24T04:15:38.077483Z,https://www.google.com/maps/place/Saung+cigobang/data=!4m7!3m6!1s0x2e661d00200cc457:0xa088171a06718289!8m2!3d-7.4844209!4d107.7932319!16s%2Fg%2F11ybp670zj!19sChIJV8QMIAAdZi4RiYJxBhoXiKA?authuser=0&hl=id&rclk=1,success
leuwi mencek,Tujuan Wisata,,"CQVP+GQG, Sukamukti, Kec. Cisompet, Kabupaten Garut, Jawa Barat 44174",2026-07-24T04:15:40.022323Z,https://www.google.com/maps/place/leuwi+mencek/data=!4m7!3m6!1s0x2e661b000086c169:0x41d132416d767830!8m2!3d-7.5561852!4d107.7869467!16s%2Fg%2F11nbnffyvq!19sChIJacGGAAAbZi4RMHh2bUEy0UE?authuser=0&hl=id&rclk=1,success
Masjid Agung Kab Garut,Masjid,4.7,"QWM2+GC2, Jl. Jendral Ahmad Yani - Jl. Veteran, Paminggir, Kec. Garut Kota, Kabupaten Garut, Jawa Barat 44118",2026-07-24T04:15:42.389939Z,https://www.google.com/maps/place/Masjid+Agung+Kab+Garut/data=!4m7!3m6!1s0x2e68b04df6fff521:0x1301501eb356ef39!8m2!3d-7.2162421!4d107.9010101!16s%2Fg%2F120qkm3j!19sChIJIfX_9k2waC4ROe9Wsx5QARM?authuser=0&hl=id&rclk=1,success
Pantai caur,Tujuan Wisata,4.9,"9JXJ+W6C, Cigadog, Kec. Cikelet, Kabupaten Garut, Jawa Barat 44177",2026-07-24T04:15:45.273495Z,https://www.google.com/maps/place/Pantai+caur/data=!4m7!3m6!1s0x2e663da6222a01e1:0x11ea434cfe5b4407!8m2!3d-7.599936!4d107.629976!16s%2Fg%2F11krd57qm_!19sChIJ4QEqIqY9Zi4RB0Rb_kxD6hE?authuser=0&hl=id&rclk=1,success
Curug Sanghyang Santen,Tujuan Wisata,4.8,"Kp. Baru, Pakenjeng, Kec. Pamulihan, Kabupaten Garut, Jawa Barat 44168",2026-07-24T04:15:47.708812Z,https://www.google.com/maps/place/Curug+Sanghyang+Santen/data=!4m7!3m6!1s0x2e68a1a5804b68ef:0xfb2e32e80efffa0c!8m2!3d-7.4198201!4d107.68938!16s%2Fg%2F11jh377296!19sChIJ72hLgKWhaC4RDPr_DugyLvs?authuser=0&hl=id&rclk=1,success
Kolam Terapi Air Hangat,Kolam Renang,4.7,"MPRQ+FPQ Taman Edelweiss, Jl. Kawah Papandayan, Sirnajaya, Kec. Cisurupan, Kabupaten Garut, Jawa Barat 44163",2026-07-24T04:15:50.320112Z,https://www.google.com/maps/place/Kolam+Terapi+Air+Hangat/data=!4m7!3m6!1s0x2e68a3d06156c255:0x8871845bfe610a09!8m2!3d-7.308663!4d107.738772!16s%2Fg%2F11v3tzwzdd!19sChIJVcJWYdCjaC4RCQph_luEcYg?authuser=0&hl=id&rclk=1,success
Pantai Sayang heulang,Tujuan Wisata,4.5,"Santoso, Mancagahar, Kec. Pameungpeuk, Kabupaten Garut, Jawa Barat 44175",2026-07-24T04:15:52.636364Z,https://www.google.com/maps/place/Pantai+Sayang+heulang/data=!4m7!3m6!1s0x2e6617e67d3df07f:0x74c1b967be80b6c3!8m2!3d-7.6686715!4d107.6987889!16s%2Fg%2F11q1tbgncm!19sChIJf_A9feYXZi4Rw7aAvme5wXQ?authuser=0&hl=id&rclk=1,success
Rema canar,Tujuan Wisata,,"FPX3+RX3, Cigondok, Girimukti, Kec. Cikelet, Kabupaten Garut, Jawa Barat 44177",2026-07-24T04:15:55.837441Z,https://www.google.com/maps/place/Rema+canar/data=!4m7!3m6!1s0x2e661f0069dda045:0x19ca700e52f620b4!8m2!3d-7.500496!4d107.7049181!16s%2Fg%2F11xfxgr9ht!19sChIJRaDdaQAfZi4RtCD2Ug5wyhk?authuser=0&hl=id&rclk=1,success
Gurun Pasir Tungtung Karang,Tujuan Wisata,4.6,"Pantai Sayang heulang, Desa, Mancagahar, Kec. Pameungpeuk, Kabupaten Garut, Jawa Barat 44175",2026-07-24T04:15:58.213290Z,https://www.google.com/maps/place/Gurun+Pasir+Tungtung+Karang/data=!4m7!3m6!1s0x2e6617efbdcee243:0xb4e1d3a0e717ca04!8m2!3d-7.6670534!4d107.7065234!16s%2Fg%2F11h8fln4cs!19sChIJQ-LOve8XZi4RBMoX56DT4bQ?authuser=0&hl=id&rclk=1,success
Pemandian Cipanas,Produsen makanan,4.4,"RVCC+PM7, Pananjung, Kec. Tarogong Kaler, Kabupaten Garut, Jawa Barat 44151",2026-07-24T04:16:00.208466Z,https://www.google.com/maps/place/Pemandian+Cipanas/data=!4m7!3m6!1s0x2e68b0badc33620f:0x529c1fe5824c9f9!8m2!3d-7.1782074!4d107.8716753!16s%2Fg%2F11c545rwpt!19sChIJD2Iz3LqwaC4R-ckkWP7BKQU?authuser=0&hl=id&rclk=1,success
Pabrik Teh Orthodoks Dayeuhmanggung - PTPN,Tujuan Wisata,4.6,"MWP5+9W3, Jalan Perkebunan Dayeuh, Manggung, Sukatani, Kec. Cilawu, Kabupaten Garut, Jawa Barat 44181",2026-07-24T04:16:03.030045Z,https://www.google.com/maps/place/Pabrik+Teh+Orthodoks+Dayeuhmanggung+-+PTPN/data=!4m7!3m6!1s0x2e68afe00c98d1c9:0x96994feb960f6fe1!8m2!3d-7.3141188!4d107.9098037!16s%2Fg%2F11h11fhy88!19sChIJydGYDOCvaC4R4W8PlutPmZY?authuser=0&hl=id&rclk=1,success
MENUME Terrace White Cafe,Kafe,4.6,"Jl. Pakuwon No.29, Pakuwon, Kec. Garut Kota, Kabupaten Garut, Jawa Barat 44117",2026-07-24T04:16:05.703285Z,https://www.google.com/maps/place/MENUME+Terrace+White+Cafe/data=!4m7!3m6!1s0x2e68b052f6a71c6f:0x1cba74e6a29896ab!8m2!3d-7.214251!4d107.9031276!16s%2Fg%2F11c5hkdm6q!19sChIJbxyn9lKwaC4Rq5aYouZ0uhw?authuser=0&hl=id&rclk=1,success
Karacak Valley,Tujuan Wisata,4.5,"Jalan Karacak Valley Margawati, Sukanegla, Kec. Garut Kota, Kabupaten Garut, Jawa Barat 44113",2026-07-24T04:16:08.567376Z,https://www.google.com/maps/place/Karacak+Valley/data=!4m7!3m6!1s0x2e68ae75b790e18f:0xbe7cb9f5b5850d9f!8m2!3d-7.2693522!4d107.9508674!16s%2Fg%2F11c52nsjks!19sChIJj-GQt3WuaC4Rnw2FtfW5fL4?authuser=0&hl=id&rclk=1,success
Pesona Leuweung Oko (Oko d'great),Tujuan Wisata,4.1,"Cirapuhan, Kec. Selaawi, Kabupaten Garut, Jawa Barat 44187",2026-07-24T04:16:10.698305Z,https://www.google.com/maps/place/Pesona+Leuweung+Oko+%28Oko+d%27great%29/data=!4m7!3m6!1s0x2e6f34ae5f76143b:0x2b65fee57d7d540b!8m2!3d-6.9986203!4d108.0530119!16s%2Fg%2F11f12337zp!19sChIJOxR2X640by4RC1R9feX-ZSs?authuser=0&hl=id&rclk=1,success
Curg dengdeng bisoro,Tujuan Wisata,,"GQ89+9R, Linggamanik, Kec. Cikelet, Kabupaten Garut, Jawa Barat 44177",2026-07-24T04:16:13.310957Z,https://www.google.com/maps/place/Curg+dengdeng+bisoro/data=!4m7!3m6!1s0x2e661d00232136eb:0x2ad97c0e6a367352!8m2!3d-7.4840055!4d107.7695747!16s%2Fg%2F11ltdg6lf4!19sChIJ6zYhIwAdZi4RUnM2ag582So?authuser=0&hl=id&rclk=1,success
Curug cicadas pakenjeng,Tujuan Wisata,4.9,"HMWP+FJ9, Pakenjeng, Kec. Pamulihan, Kabupaten Garut, Jawa Barat 44168",2026-07-24T04:16:15.890093Z,https://www.google.com/maps/place/Curug+cicadas+pakenjeng/data=!4m7!3m6!1s0x2e68a18234fd09b5:0x24cf7da88c10635f!8m2!3d-7.4038324!4d107.6866096!16s%2Fg%2F11rh_hy4pk!19sChIJtQn9NIKhaC4RX2MQjKh9zyQ?authuser=0&hl=id&rclk=1,success
Desa Wisata Muara Cibentang,Tujuan Wisata,4.9,"CRQR+7G6, Jatisari, Kec. Cisompet, Kabupaten Garut, Jawa Barat 44174",2026-07-24T04:16:18.903737Z,https://www.google.com/maps/place/Desa+Wisata+Muara+Cibentang/data=!4m7!3m6!1s0x2e661b18b630317b:0x6c610c733691164c!8m2!3d-7.5618339!4d107.8412751!16s%2Fg%2F11l93qx4dn!19sChIJezEwthgbZi4RTBaRNnMMYWw?authuser=0&hl=id&rclk=1,success
Temu Space,Kafe,4.5,"Jl. Cimanuk No.271, Paminggir, Kec. Garut Kota, Kabupaten Garut, Jawa Barat 44118",2026-07-24T04:16:21.625068Z,https://www.google.com/maps/place/Temu+Space/data=!4m7!3m6!1s0x2e68b100677cfd47:0xe0119da544d132d3!8m2!3d-7.2130165!4d107.899065!16s%2Fg%2F11vzy00k8b!19sChIJR_18ZwCxaC4R0zLRRKWdEeA?authuser=0&hl=id&rclk=1,success
Curug Rahong,Tujuan Wisata,4.5,"JG8C+9VM, Jl. Cisewu - Sukarame, Sukajaya, Kec. Cisewu, Kabupaten Garut, Jawa Barat 44166",2026-07-24T04:16:25.320870Z,https://www.google.com/maps/place/Curug+Rahong/data=!4m7!3m6!1s0x2e689cfe6390b74d:0x800bcd154d496ac6!8m2!3d-7.3840384!4d107.5221791!16s%2Fg%2F11by_g3bwq!19sChIJTbeQY_6caC4RxmpJTRXNC4A?authuser=0&hl=id&rclk=1,success
"RM Saung Cikenceh (Garut Kota, Cikuray)",Restoran Sunda,4.7,"Jl. Cikuray No.21-25, Regol, Kec. Garut Kota, Kabupaten Garut, Jawa Barat 44114",2026-07-24T04:16:28.487848Z,"https://www.google.com/maps/place/RM+Saung+Cikenceh+%28Garut+Kota,+Cikuray%29/data=!4m7!3m6!1s0x2e68b1431ea9aa09:0x8c04c63f0e9eac10!8m2!3d-7.2170015!4d107.9048333!16s%2Fg%2F11h7fyfd6d!19sChIJCaqpHkOxaC4REKyeDj_GBIw?authuser=0&hl=id&rclk=1",success
Wisata Curug Cibitung,Tujuan Wisata,4.6,"CMVG+G8H, Kertamukti, Kec. Cikelet, Kabupaten Garut, Jawa Barat 44177",2026-07-24T04:16:31.345885Z,https://www.google.com/maps/place/Wisata+Curug+Cibitung/data=!4m7!3m6!1s0x2e66187a0e1be1d7:0xd9a342b6b5aa9284!8m2!3d-7.5561878!4d107.6758476!16s%2Fg%2F11hd1v0bgh!19sChIJ1-EbDnoYZi4RhJKqtbZCo9k?authuser=0&hl=id&rclk=1,success
Pemandian air panas teh nyai,Pemandian air panas,,"RV8H+QRV, Jl. Raya Cipanas, ciharuripan, Kec. Garut Kota, Kabupaten Garut, Jawa Barat 44151",2026-07-24T04:16:33.855596Z,https://www.google.com/maps/place/Pemandian+air+panas+teh+nyai/data=!4m7!3m6!1s0x2e68b1002e422433:0xb8bd46e7abc54e6d!8m2!3d-7.1830183!4d107.8795597!16s%2Fg%2F11xmh1drh_!19sChIJMyRCLgCxaC4RbU7Fq-dGvbg?authuser=0&hl=id&rclk=1,success
Pantai Bodonyorot,Tujuan Wisata,4.4,"FG4F+PC9, Unnamed Road, Karangwangi, Kec. Mekarmukti, Kabupaten Garut, Jawa Barat 44165",2026-07-24T04:16:36.251296Z,https://www.google.com/maps/place/Pantai+Bodonyorot/data=!4m7!3m6!1s0x2e6625efba7ef039:0x6c09575983771caa!8m2!3d-7.5432001!4d107.5236081!16s%2Fg%2F11h55mpsl5!19sChIJOfB-uu8lZi4Rqhx3g1lXCWw?authuser=0&hl=id&rclk=1,success
Taman Satwa Cikembulan,Kebun Binatang,4.3,"Jl. Cikembulan, Cikembulan, Kec. Kadungora, Kabupaten Garut, Jawa Barat 44153",2026-07-24T04:16:39.969053Z,https://www.google.com/maps/place/Taman+Satwa+Cikembulan/data=!4m7!3m6!1s0x2e68b6290965ab91:0xa3c4d256e6e564cb!8m2!3d-7.0841516!4d107.9152508!16s%2Fg%2F11btyv3c3d!19sChIJkatlCSm2aC4Ry2Tl5lbSxKM?authuser=0&hl=id&rclk=1,success
Pantai Sodong Parat,Tujuan Wisata,4.5,"CGXJ+PX, Karangwangi, Kabupaten Garut, Jawa Barat 44165",2026-07-24T04:16:42.728222Z,https://www.google.com/maps/place/Pantai+Sodong+Parat/data=!4m7!3m6!1s0x2e6625de08360de7:0x96f5b28713ab788!8m2!3d-7.5506703!4d107.5324901!16s%2Fg%2F11rp04kf8r!19sChIJ5w02CN4lZi4RiLc6cShbbwk?authuser=0&hl=id&rclk=1,success
SITU BAGENDIT,Tujuan Wisata,4.4,"RXQ2+G4G, Bagendit, Kec. Banyuresmi, Kabupaten Garut, Jawa Barat 44191",2026-07-24T04:16:45.439239Z,https://www.google.com/maps/place/SITU+BAGENDIT/data=!4m7!3m6!1s0x2e68b719963bd083:0x35e8902a3a4728bc!8m2!3d-7.1611768!4d107.9503298!16s%2Fg%2F11q22wj2h0!19sChIJg9A7lhm3aC4RvChHOiqQ6DU?authuser=0&hl=id&rclk=1,success
Pantai Sodong Lalay,Tujuan Wisata,4.7,"CGWP+WXV, Kp. Cigoa, Karangwangi, Mekarmukti, Karangwangi, Garut, Kabupaten Garut, Jawa Barat 44165",2026-07-24T04:16:48.572425Z,https://www.google.com/maps/place/Pantai+Sodong+Lalay/data=!4m7!3m6!1s0x2e6624f86d7ebdb1:0x261212f66631222f!8m2!3d-7.5526358!4d107.5374168!16s%2Fg%2F11c44qtwhz!19sChIJsb1-bfgkZi4RLyIxZvYSEiY?authuser=0&hl=id&rclk=1,success
Sungai cipasarangan,Tujuan Wisata,5.0,"FPXV+792, Sungai cipasarangn des, Linggamanik, Kec. Cikelet, Kabupaten Garut, Jawa Barat 44177",2026-07-24T04:16:50.927183Z,https://www.google.com/maps/place/Sungai+cipasarangan/data=!4m7!3m6!1s0x2e661f680ba689c9:0x45ea0a661f6eb3ea!8m2!3d-7.5018634!4d107.7434041!16s%2Fg%2F11s2j3h0fz!19sChIJyYmmC2gfZi4R6rNuH2YK6kU?authuser=0&hl=id&rclk=1,success
PANTAI CITANGGELEUK GARUT,Tujuan Wisata,,"FQX7+GC9, Linggamanik, Kec. Cikelet, Kabupaten Garut, Jawa Barat 44177",2026-07-24T04:16:54.051432Z,https://www.google.com/maps/place/PANTAI+CITANGGELEUK+GARUT/data=!4m7!3m6!1s0x2e661b0064ec224f:0x879fb73bacc75f7e!8m2!3d-7.5012204!4d107.763621!16s%2Fg%2F11zbh1qh4b!19sChIJTyLsZAAbZi4Rfl_HrDu3n4c?authuser=0&hl=id&rclk=1,success
Pemandian Air Panas Tegal Jambu,Kamar Mandi Umum,5.0,"Jl. Cipanas Baru kp. tegal jambu No.01/04, Pananjung, Kec. Tarogong Kaler, Kabupaten Garut, Jawa Barat 44151",2026-07-24T04:16:56.360473Z,https://www.google.com/maps/place/Pemandian+Air+Panas+Tegal+Jambu/data=!4m7!3m6!1s0x2e68b1926bbb6933:0xba92e2ac3bbb0ee9!8m2!3d-7.1782546!4d107.8783207!16s%2Fg%2F11fmd7pfh5!19sChIJM2m7a5KxaC4R6Q67O6zikro?authuser=0&hl=id&rclk=1,success
aidah,Tujuan Wisata,,"GQV2+HWF, kp.ciarsam, RT.06/RW.05, Talagawangi, Kec. Pakenjeng, Kabupaten Garut, Jawa Barat 44164",2026-07-24T04:16:58.792240Z,https://www.google.com/maps/place/aidah/data=!4m7!3m6!1s0x2e661f005bf84851:0x35aea5324b5e02eb!8m2!3d-7.455574!4d107.7526828!16s%2Fg%2F11w1wsdt1y!19sChIJUUj4WwAfZi4R6wJeSzKlrjU?authuser=0&hl=id&rclk=1,success
Curug Jagapati,Tujuan Wisata,4.6,"Neglasari, Kec. Cisompet, Kabupaten Garut, Jawa Barat 44174",2026-07-24T04:17:01.194363Z,https://www.google.com/maps/place/Curug+Jagapati/data=!4m7!3m6!1s0x2e661b144ca3ae1b:0x5e7be369e7fa9954!8m2!3d-7.5226978!4d107.8316514!16s%2Fg%2F11c0r50s4h!19sChIJG66jTBQbZi4RVJn652nje14?authuser=0&hl=id&rclk=1,success
Pantai Cibuhung Garut Selatan,Tujuan Wisata,4.7,"CHR8+249, Cijayana, Kec. Mekarmukti, Kabupaten Garut, Jawa Barat 44165",2026-07-24T04:17:03.067357Z,https://www.google.com/maps/place/Pantai+Cibuhung+Garut+Selatan/data=!4m7!3m6!1s0x2e6625459cb1c023:0x3678b29558736f6d!8m2!3d-7.5599661!4d107.5653724!16s%2Fg%2F11sytgh3nk!19sChIJI8CxnEUlZi4RbW9zWJWyeDY?authuser=0&hl=id&rclk=1,success
Pantai Karang Paranje,Tujuan Wisata,4.4,"Karyasari, Kec. Cibalong, Kabupaten Garut, Jawa Barat 44176",2026-07-24T04:17:06.143510Z,https://www.google.com/maps/place/Pantai+Karang+Paranje/data=!4m7!3m6!1s0x2e6613c6e1199215:0xed9806d9d3449908!8m2!3d-7.6841298!4d107.7948894!16s%2Fg%2F11b7ljkfds!19sChIJFZIZ4cYTZi4RCJlE09kGmO0?authuser=0&hl=id&rclk=1,success
Wisata Pantai Karang Modang,Tujuan Wisata,4.5,"Indralayang, Kec. Caringin, Kabupaten Garut, Jawa Barat 44169",2026-07-24T04:17:08.625262Z,https://www.google.com/maps/place/Wisata+Pantai+Karang+Modang%F0%9F%8C%8A/data=!4m7!3m6!1s0x2e662f4d7fb0a807:0xdd7c74c44eb076e1!8m2!3d-7.5161833!4d107.4677327!16s%2Fg%2F11c617srk2!19sChIJB6iwf00vZi4R4XawTsR0fN0?authuser=0&hl=id&rclk=1,success
Rumah Makan Kencana Sunda,Restoran Sunda,4.0,"QVV6+6H6, Jl. Raya Samarang, RT.03/RW.03, Mekarluyu, Kec. Tarogong Kidul, Kabupaten Garut, Jawa Barat 44151",2026-07-24T04:17:10.611774Z,https://www.google.com/maps/place/Rumah+Makan+Kencana+Sunda/data=!4m7!3m6!1s0x2e68b08080c10529:0x7bccb2274aa0d790!8m2!3d-7.2069616!4d107.8613891!16s%2Fg%2F11hc_7tlc7!19sChIJKQXBgICwaC4RkNegSieyzHs?authuser=0&hl=id&rclk=1,success
Sayang Heulang Garut,Pantai,4.4,"Mancagahar, Kec. Pameungpeuk, Kabupaten Garut, Jawa Barat 44175",2026-07-24T04:17:12.753753Z,https://www.google.com/maps/place/Sayang+Heulang+Garut/data=!4m7!3m6!1s0x2e663d647d0c588f:0x892cbd184524733!8m2!3d-7.6688756!4d107.6966831!16s%2Fg%2F11c5wwr2_0!19sChIJj1gMfWQ9Zi4RM0dShNHLkgg?authuser=0&hl=id&rclk=1,success
Obyek Wisata Pantai Karang Modang,Taman bermain,5.0,"Jl. Ranca Buaya Jl. Caringin No.1, Purbayani, Kec. Caringin, Kabupaten Garut, Jawa Barat 44169",2026-07-24T04:17:14.551155Z,https://www.google.com/maps/place/Obyek+Wisata+Pantai+Karang+Modang/data=!4m7!3m6!1s0x2e662f88b3f67e03:0x453a6c53a95b4baf!8m2!3d-7.5171877!4d107.4703129!16s%2Fg%2F11st748mzg!19sChIJA372s4gvZi4Rr0tbqVNsOkU?authuser=0&hl=id&rclk=1,success
Kuliner b aso Komplit Caliwura,Restoran Bakso,5.0,"gereja toserba asia, Jl. Gn. Putri, blkng, Kec. Garut Kota, Kabupaten Garut, Jawa Barat 44114",2026-07-24T04:17:17.483532Z,https://www.google.com/maps/place/Kuliner+b+aso+Komplit+Caliwura/data=!4m7!3m6!1s0x2e68b1fcdc98ee4f:0x147a8b6bc749a3c3!8m2!3d-7.2184146!4d107.9081883!16s%2Fg%2F11h262xr8q!19sChIJT-6Y3PyxaC4Rw6NJx2uLehQ?authuser=0&hl=id&rclk=1,success
Pantai Ciwaas,Tujuan Wisata,5.0,"Mancagahar, Kec. Pameungpeuk, Kabupaten Garut, Jawa Barat 44175",2026-07-24T04:17:20.015728Z,https://www.google.com/maps/place/Pantai+Ciwaas/data=!4m7!3m6!1s0x2e661700527dadcf:0xdb2ebb4e5179cedc!8m2!3d-7.6681323!4d107.7030673!16s%2Fg%2F11ltblb8gx!19sChIJz619UgAXZi4R3M55UU67Lts?authuser=0&hl=id&rclk=1,success
Batu Tumpang Kab.Garut,Tujuan Wisata,4.5,"Kp cikembar, Tanjungjaya, Kec. Banjarwangi, Kabupaten Garut, Jawa Barat 44172",2026-07-24T04:17:22.481629Z,https://www.google.com/maps/place/Batu+Tumpang+Kab.Garut/data=!4m7!3m6!1s0x2e68a78a02a9c663:0x8352222aa591f456!8m2!3d-7.396874!4d107.839007!16s%2Fg%2F11c3kqbpjz!19sChIJY8apAoqnaC4RVvSRpSoiUoM?authuser=0&hl=id&rclk=1,success
Darajat Pass,N/A,4.5,"Jl. Puncak Darajat No.14, Karyamekar, Kec. Pasirwangi, Kabupaten Garut, Jawa Barat 44161",2026-07-24T04:17:25.122730Z,https://www.google.com/maps/place/Darajat+Pass/data=!4m7!3m6!1s0x2e68a5b004ceabfb:0x3814becc0fa05bd0!8m2!3d-7.217783!4d107.745082!16s%2Fg%2F1hm5tqcky!19sChIJ-6vOBLClaC4R0FugD8y-FDg?authuser=0&hl=id&rclk=1,success
"Joglo Abah Resto, Kedai Kopi dan Pusat Oleh-oleh",Restoran,4.9,"Jl. Otista No.8, Pasawahan, Kec. Tarogong Kaler, Kabupaten Garut, Jawa Barat 44151",2026-07-24T04:17:28.293050Z,"https://www.google.com/maps/place/Joglo+Abah+Resto,+Kedai+Kopi+dan+Pusat+Oleh-oleh/data=!4m7!3m6!1s0x2e68b7683eec99cf:0x786d6450e5d087f1!8m2!3d-7.1627702!4d107.897785!16s%2Fg%2F11gk2ypvfx!19sChIJz5nsPmi3aC4R8YfQ5VBkbXg?authuser=0&hl=id&rclk=1",success
Pemandian Air Panas Cikuda,Pemandian Umum,4.0,"Jl. Raya Cipanas No.96, Pananjung, Kec. Tarogong Kaler, Kabupaten Garut, Jawa Barat 44151",2026-07-24T04:17:30.704669Z,https://www.google.com/maps/place/Pemandian+Air+Panas+Cikuda/data=!4m7!3m6!1s0x2e68b1d9724c91b5:0x1baf081a2093b65f!8m2!3d-7.178041!4d107.8726342!16s%2Fg%2F11rwl9dzfp!19sChIJtZFMctmxaC4RX7aTIBoIrxs?authuser=0&hl=id&rclk=1,success
Leuwi Tonjong,Tujuan Wisata,4.6,"Jayamukti, Kec. Cihurip, Kabupaten Garut, Jawa Barat 44173",2026-07-24T04:17:33.149882Z,https://www.google.com/maps/place/Leuwi+Tonjong/data=!4m7!3m6!1s0x2e661b320ec14bf3:0x65be3ba5a10a357f!8m2!3d-7.5313123!4d107.8513476!16s%2Fg%2F11c31twvpp!19sChIJ80vBDjIbZi4RfzUKoaU7vmU?authuser=0&hl=id&rclk=1,success
WISATA BINAR ALAM VIEW,Kolam renang luar ruangan,4.3,"RXMQ+QG3, Citangtu, Kec. Pangatikan, Kabupaten Garut, Jawa Barat 44183",2026-07-24T04:17:36.293922Z,https://www.google.com/maps/place/WISATA+BINAR+ALAM+VIEW/data=!4m7!3m6!1s0x2e68b368b87539ef:0x4a2cfbb442528ed0!8m2!3d-7.165623!4d107.988812!16s%2Fg%2F11ry7n54d8!19sChIJ7zl1uGizaC4R0I5SQrT7LEo?authuser=0&hl=id&rclk=1,success
Pemandian Air Panas Kawah Talaga Bodas,Pemandian di Ruang Terbuka,4.3,"Q3P7+VH9, Sukamenak, Kec. Wanaraja, Kabupaten Garut, Jawa Barat 44183",2026-07-24T04:17:38.310065Z,https://www.google.com/maps/place/Pemandian+Air+Panas+Kawah+Talaga+Bodas/data=!4m7!3m6!1s0x2e6f4d87a21b1647:0x7e7a9523c643c98a!8m2!3d-7.2128337!4d108.0639752!16s%2Fg%2F11gh72y24s!19sChIJRxYboodNby4RislDxiOVen4?authuser=0&hl=id&rclk=1,success
kebun jeruk,Tujuan Wisata,4.5,"RXH7+5RQ, Situsari, Kec. Karangpawitan, Kabupaten Garut, Jawa Barat 44183",2026-07-24T04:17:41.113849Z,https://www.google.com/maps/place/kebun+jeruk/data=!4m7!3m6!1s0x2e68b332b95117cd:0x95b2389dc42de2f6!8m2!3d-7.172041!4d107.9645944!16s%2Fg%2F11t40r4h86!19sChIJzRdRuTKzaC4R9uItxJ04spU?authuser=0&hl=id&rclk=1,success
Tugu Desa Ngamplang,Tujuan Wisata,5.0,"PWW5+6FX, Ngamplang, Kec. Cilawu, Kabupaten Garut, Jawa Barat 44181",2026-07-24T04:17:44.276538Z,https://www.google.com/maps/place/Tugu+Desa+Ngamplang/data=!4m7!3m6!1s0x2e68af845de362fb:0xb8b410996467997c!8m2!3d-7.2543999!4d107.9087438!16s%2Fg%2F11v15cd094!19sChIJ-2LjXYSvaC4RfJlnZJkQtLg?authuser=0&hl=id&rclk=1,success
PUNCAK GUHA,Tujuan Wisata,4.5,"Sinarjaya, Kec. Bungbulang, Kabupaten Garut, Jawa Barat 44165",2026-07-24T04:17:46.418274Z,https://www.google.com/maps/place/PUNCAK+GUHA/data=!4m7!3m6!1s0x2e6625f5a27ede1d:0x47589baec97907c!8m2!3d-7.5362574!4d107.4971417!16s%2Fg%2F11btt9dlpz!19sChIJHd5-ovUlZi4RfJCX7LqJdQQ?authuser=0&hl=id&rclk=1,success
Curug Cibadak,Tujuan Wisata,4.5,"FVHG+2M7, Cisangkal, Kec. Cihurip, Kabupaten Garut, Jawa Barat 44173",2026-07-24T04:17:49.852305Z,https://www.google.com/maps/place/Curug+Cibadak/data=!4m7!3m6!1s0x2e6604c15627d6bb:0x1dfff0836a658396!8m2!3d-7.5224574!4d107.8766667!16s%2Fg%2F11cs469hz4!19sChIJu9YnVsEEZi4RloNlaoPw_x0?authuser=0&hl=id&rclk=1,success
Kamojang Ecopark,Taman Ekologi,4.2,"Jl. Samarang Garut, Cisarua, Kec. Samarang, Kabupaten Garut, Jawa Barat 44161",2026-07-24T04:17:52.897395Z,https://www.google.com/maps/place/Kamojang+Ecopark/data=!4m7!3m6!1s0x2e68b966b209a6f5:0x5740ccfc0f1d3161!8m2!3d-7.162552!4d107.7922102!16s%2Fg%2F11f3n21bhh!19sChIJ9aYJsma5aC4RYTEdD_zMQFc?authuser=0&hl=id&rclk=1,success
Wisata Air terjun cipalangi,Tujuan Wisata,5.0,"FP84+VCF, Karangsari, Kec. Cikelet, Kabupaten Garut, Jawa Barat 44177",2026-07-24T04:17:55.415012Z,https://www.google.com/maps/place/Wisata+Air+terjun+cipalangi/data=!4m7!3m6!1s0x2e66190fc57cfbd9:0x2a32716caea8564d!8m2!3d-7.5328206!4d107.7060607!16s%2Fg%2F11vc3657n8!19sChIJ2ft8xQ8ZZi4RTVaormxxMio?authuser=0&hl=id&rclk=1,success
Peternakan domba garut HIPNI,Tujuan Wisata,,"CP9J+FP, Linggamanik, Kec. Cikelet, Kabupaten Garut, Jawa Barat 44177",2026-07-24T04:17:57.469847Z,https://www.google.com/maps/place/Peternakan+domba+garut+HIPNI/data=!4m7!3m6!1s0x2e6619d25b451325:0x4cf16d0bdba3782d!8m2!3d-7.5812807!4d107.731821!16s%2Fg%2F11kb97v3wr!19sChIJJRNFW9IZZi4RLXij2wtt8Uw?authuser=0&hl=id&rclk=1,success
Pantai Cibuek,Tujuan Wisata,4.3,"FFJC+WMF, kp.jayamekar, Indralayang, Kec. Caringin, Kabupaten Garut, Jawa Barat",2026-07-24T04:17:59.379829Z,https://www.google.com/maps/place/Pantai+Cibuek/data=!4m7!3m6!1s0x2e662fa9ba8566cd:0x766b62be38e96992!8m2!3d-7.5176913!4d107.4716795!16s%2Fg%2F11h1yx2fhp!19sChIJzWaFuqkvZi4RkmnpOL5ia3Y?authuser=0&hl=id&rclk=1,success
kuliner garut,Dapur Umum,5.0,"Jl. Siliwangi No.36, Regol, Kec. Garut Kota, Kabupaten Garut, Jawa Barat 44114",2026-07-24T04:18:01.564669Z,https://www.google.com/maps/place/kuliner+garut/data=!4m7!3m6!1s0x2e68b1cdbeea3a71:0xc011dafa805cb0cc!8m2!3d-7.2169521!4d107.9054012!16s%2Fg%2F11rz7cfdzp!19sChIJcTrqvs2xaC4RzLBcgPraEcA?authuser=0&hl=id&rclk=1,success
Pantai Karang Tepas,Tujuan Wisata,4.6,"CGWV+C2F, Kp. Cikajar, Karangwangi, Kec. Mekarmukti, Kabupaten Garut, Jawa Barat 44165",2026-07-24T04:18:04.166960Z,https://www.google.com/maps/place/Pantai+Karang+Tepas/data=!4m7!3m6!1s0x2e6624f65a10f8b9:0xae5bf3a559cdbdbd!8m2!3d-7.5539417!4d107.5425318!16s%2Fg%2F11bw5yf7nm!19sChIJufgQWvYkZi4Rvb3NWaXzW64?authuser=0&hl=id&rclk=1,success
Curug luhur cisompet,Tujuan Wisata,5.0,"FR42+WR, Sindangsari, Kec. Cisompet, Kabupaten Garut, Jawa Barat 44174",2026-07-24T04:18:06.540833Z,https://www.google.com/maps/place/Curug+luhur+cisompet/data=!4m7!3m6!1s0x2e661b521b7ef48d:0xcc5537c928113ecd!8m2!3d-7.5427478!4d107.8020774!16s%2Fg%2F11ptr8473j!19sChIJjfR-G1IbZi4RzT4RKMk3Vcw?authuser=0&hl=id&rclk=1,success
Wisata GUNUNG WAYANG,Tujuan Wisata,4.5,"HM33+5F7, Kp Jl. Ciparay, Depok, Kec. Pakenjeng, Kabupaten Garut, Jawa Barat 44164",2026-07-24T04:18:09.735723Z,https://www.google.com/maps/place/Wisata+GUNUNG+WAYANG/data=!4m7!3m6!1s0x2e6621efb7413f6b:0x8dcdddfe57d0014c!8m2!3d-7.4470797!4d107.6536691!16s%2Fg%2F11nmlrkv74!19sChIJaz9Bt-8hZi4RTAHQV_7dzY0?authuser=0&hl=id&rclk=1,success
Pantai dua muara cibaregbeg,Tujuan Wisata,4.0,"8R75+4C5, Karyamukti, Kec. Cibalong, Kabupaten Garut, Jawa Barat 44176",2026-07-24T04:18:12.002448Z,https://www.google.com/maps/place/Pantai+dua+muara+cibaregbeg/data=!4m7!3m6!1s0x2e66135658341fdb:0x713aeaddd07bc7e8!8m2!3d-7.6872465!4d107.8085948!16s%2Fg%2F11scn3f61f!19sChIJ2x80WFYTZi4R6Md70N3qOnE?authuser=0&hl=id&rclk=1,success
pantai cemara cidamar cidau.,Tujuan Wisata,,"9M7M+PGW, Cikelet, Kec. Cikelet, Kabupaten Garut, Jawa Barat 44177",2026-07-24T04:18:13.913817Z,https://www.google.com/maps/place/pantai+cemara+cidamar+cidau./data=!4m7!3m6!1s0x2e66170014358483:0x2ed73505b9d43b2f!8m2!3d-7.6365471!4d107.6842121!16s%2Fg%2F11z9blsc9y!19sChIJg4Q1FAAXZi4RLzvUuQU11y4?authuser=0&hl=id&rclk=1,success
Dahayu Taste,Restoran,4.5,"Jl. Letjen Ibrahim Adjie, Rancabango, Kec. Tarogong Kaler, Kabupaten Garut, Jawa Barat 44151",2026-07-24T04:18:16.530802Z,https://www.google.com/maps/place/Dahayu+Taste/data=!4m7!3m6!1s0x2e68b1007a45e57b:0x89921fe0b17050e7!8m2!3d-7.1845742!4d107.876859!16s%2Fg%2F11ytp6pgdq!19sChIJe-VFegCxaC4R51BwseAfkok?authuser=0&hl=id&rclk=1,success
Pantai Cijeruk Indah Garut,Tujuan Wisata,4.6,"7RQP+GRJ, Pantai cijeruk, Sancang, Kec. Cibalong, Kabupaten Garut, Jawa Barat 44176",2026-07-24T04:18:19.131805Z,https://www.google.com/maps/place/Pantai+Cijeruk+Indah+Garut/data=!4m7!3m6!1s0x2e66134ad15b67b3:0x49be36e41553d5e0!8m2!3d-7.71117!4d107.837028!16s%2Fg%2F11kpts7zk3!19sChIJs2db0UoTZi4R4NVTFeQ2vkk?authuser=0&hl=id&rclk=1,success
Curuglalay,Tujuan Wisata,5.0,"FQJ9+JH, Margamulya, Kec. Cisompet, Kabupaten Garut, Jawa Barat 44174",2026-07-24T04:18:21.415316Z,https://www.google.com/maps/place/Curuglalay/data=!4m7!3m6!1s0x2e661b2703164615:0xf915853dda1052e!8m2!3d-7.5184787!4d107.7689823!16s%2Fg%2F11smvbg3yd!19sChIJFUYWAycbZi4RLgWh3VNYkQ8?authuser=0&hl=id&rclk=1,success
Taman Hutan Kota Kubang,Taman Kota,4.8,"Jl. Raya Bandung - Garut No.1187, Pasawahan, Kec. Tarogong Kaler, Kabupaten Garut, Jawa Barat 44191",2026-07-24T04:18:24.067799Z,https://www.google.com/maps/place/Taman+Hutan+Kota+Kubang/data=!4m7!3m6!1s0x2e68b74e521c1f61:0x3694d9479cb6259c!8m2!3d-7.1639751!4d107.8978721!16s%2Fg%2F11hf39tmj2!19sChIJYR8cUk63aC4RnCW2nEfZlDY?authuser=0&hl=id&rclk=1,success
Curug Abeh,Tujuan Wisata,4.2,"MVHV+JCF, Jl. Garut - Tasikmalaya, Sukamaju, Kec. Garut Kota, Kabupaten Garut, Jawa Barat 44181",2026-07-24T04:18:26.899193Z,https://www.google.com/maps/place/Curug+Abeh/data=!4m7!3m6!1s0x2e68af3018aebecd:0x28afefed9fcab216!8m2!3d-7.3209282!4d107.8935337!16s%2Fg%2F11fx90y67c!19sChIJzb6uGDCvaC4RFrLKn-3vryg?authuser=0&hl=id&rclk=1,success
Curug Naga,Tujuan Wisata,,"JP5P+P5J, Cikandang, Kec. Cikajang, Kabupaten Garut, Jawa Barat 44171",2026-07-24T04:18:28.697887Z,https://www.google.com/maps/place/Curug+Naga/data=!4m7!3m6!1s0x2e68a0e8de4a20e1:0x1163a40df4d4530e!8m2!3d-7.3906649!4d107.7353941!16s%2Fg%2F11g6p0ygyh!19sChIJ4SBK3uigaC4RDlPU9A2kYxE?authuser=0&hl=id&rclk=1,success
Air Terjun Curug Nyogong,Tujuan Wisata,4.5,"FRXP+F45, Kp. Sawahpasir, Mekarwangi, Cihurip, Mekarwangi, Kec. Cihurip, Kabupaten Garut, Jawa Barat 44173",2026-07-24T04:18:31.122387Z,https://www.google.com/maps/place/Air+Terjun+Curug+Nyogong/data=!4m7!3m6!1s0x2e661b5e2fc6502b:0xeceaa0ba911cec74!8m2!3d-7.5013698!4d107.8353541!16s%2Fg%2F11cn6l3bnb!19sChIJK1DGL14bZi4RdOwckbqg6uw?authuser=0&hl=id&rclk=1,success
Pantai Cipunaga,Cagar Alam,4.5,"Sancang, Kec. Cibalong, Kabupaten Garut, Jawa Barat",2026-07-24T04:18:33.266568Z,https://www.google.com/maps/place/Pantai+Cipunaga/data=!4m7!3m6!1s0x2e660d5101d8cfa9:0xd4da7d0dfdd32e0c!8m2!3d-7.7386458!4d107.8670204!16s%2Fg%2F11gg68nc9h!19sChIJqc_YAVENZi4RDC7T_Q192tQ?authuser=0&hl=id&rclk=1,success
Pantai Manalusu,Pantai,4.5,"Cigadog, Kec. Cikelet, Kabupaten Garut, Jawa Barat",2026-07-24T04:18:34.974318Z,https://www.google.com/maps/place/Pantai+Manalusu/data=!4m7!3m6!1s0x2e6622d56e308f6f:0x7c0ec148ed3a8cd7!8m2!3d-7.5883333!4d107.6225!16s%2Fg%2F11c5336k9z!19sChIJb48wbtUiZi4R14w67UjBDnw?authuser=0&hl=id&rclk=1,success
Papandayan Resort and Leisure Park,Taman Hiburan,4.3,"MQX4+FG8, Sirnajaya, Kec. Cisurupan, Kabupaten Garut, Jawa Barat 44163",2026-07-24T04:18:36.942514Z,https://www.google.com/maps/place/Papandayan+Resort+and+Leisure+Park/data=!4m7!3m6!1s0x2e68a3843791e829:0xf7bb2e77c1c3ca7e!8m2!3d-7.3013354!4d107.7563401!16s%2Fg%2F11c5wj3kbc!19sChIJKeiRN4SjaC4RfsrDwXcuu_c?authuser=0&hl=id&rclk=1,success
Wisata Alam Kampung Sampireun,Hotel,4.5,"QRW8+XQJ, Situ Sukamaju, Sukakarya, Kec. Samarang, Kabupaten Garut, Jawa Barat 44161",2026-07-24T04:18:39.069161Z,https://www.google.com/maps/place/Wisata+Alam+Kampung+Sampireun/data=!4m7!3m6!1s0x2e68ba53fccba81f:0x7c62c18cea75e3d6!8m2!3d-7.2025499!4d107.8168832!16s%2Fg%2F11fxw9y0s4!19sChIJH6jL_FO6aC4R1uN16ozBYnw?authuser=0&hl=id&rclk=1,success
Lewi mencek,Tujuan Wisata,,"CQVP+GQ, Sukamukti, Kec. Cisompet, Kabupaten Garut, Jawa Barat 44174",2026-07-24T04:18:41.488537Z,https://www.google.com/maps/place/Lewi+mencek/data=!4m7!3m6!1s0x2e661b003e01e951:0x7ddb345599e97286!8m2!3d-7.5561998!4d107.7869739!16s%2Fg%2F11z3bg5mks!19sChIJUekBPgAbZi4RhnLpmVU0230?authuser=0&hl=id&rclk=1,success
Curug Tilu Gunung Guntur,Tujuan Wisata,4.6,"RVPG+G6Q, Pananjung, Kec. Tarogong Kaler, Kabupaten Garut, Jawa Barat 44151",2026-07-24T04:18:44.572801Z,https://www.google.com/maps/place/Curug+Tilu+Gunung+Guntur/data=!4m7!3m6!1s0x2e68b75d90c70bff:0x744482c66751044a!8m2!3d-7.1636498!4d107.8768986!16s%2Fg%2F11s5drj53v!19sChIJ_wvHkF23aC4RSgRRZ8aCRHQ?authuser=0&hl=id&rclk=1,success
Urbanview Hotel Puncak Darajat Highland Garut,N/A,4.4,"QPHV+78J, Jl. Puncak Darajat Des No No.KM25, Karyamekar, Kec. Pasirwangi, Kabupaten Garut, Jawa Barat 44161",2026-07-24T04:18:47.066332Z,https://www.google.com/maps/place/Urbanview+Hotel+Puncak+Darajat+Highland+Garut/data=!4m10!3m9!1s0x2e68bd8bda1e9267:0xcdc415c1d0f5d9e5!5m2!4m1!1i2!8m2!3d-7.2219445!4d107.7415951!16s%2Fg%2F11qnlcmmzx!19sChIJZ5Ie2ou9aC4R5dn10MEVxM0?authuser=0&hl=id&rclk=1,success
Garland Barnville,Restoran,4.4,"QWGV+762, Jl. Cireundeu, Tanjungsari, Kec. Karangpawitan, Kabupaten Garut, Jawa Barat 44182",2026-07-24T04:18:49.862180Z,https://www.google.com/maps/place/Garland+Barnville/data=!4m7!3m6!1s0x2e68b14115e7206d:0xeebfdee708a5a4ab!8m2!3d-7.2233224!4d107.9401881!16s%2Fg%2F11vlq_fv8z!19sChIJbSDnFUGxaC4Rq6SlCOfev-4?authuser=0&hl=id&rclk=1,success
Rumah Makan Cibiuk,Restoran Indonesia,4.8,"WXQ7+J6, Cibiuk Kaler, Kec. Cibiuk, Kabupaten Garut, Jawa Barat 44193",2026-07-24T04:18:52.963563Z,https://www.google.com/maps/place/Rumah+Makan+Cibiuk/data=!4m7!3m6!1s0x2e68cb2959a9dfe5:0x97327d17277ba16b!8m2!3d-7.0604616!4d107.9638038!16s%2Fg%2F11sbjwlkdm!19sChIJ5d-pWSnLaC4Ra6F7Jxd9Mpc?authuser=0&hl=id&rclk=1,success
GAPURA JAGAPATI,Tujuan Wisata,4.8,"Unnamed Road, Neglasari, Kec. Cisompet, Kabupaten Garut, Jawa Barat 44174",2026-07-24T04:18:55.123227Z,https://www.google.com/maps/place/GAPURA+JAGAPATI/data=!4m7!3m6!1s0x2e661b6002e96fbb:0xd29b1c23369101db!8m2!3d-7.5228118!4d107.8272482!16s%2Fg%2F11nms16sxs!19sChIJu2_pAmAbZi4R2wGRNiMcm9I?authuser=0&hl=id&rclk=1,success
Taman Teletubies Sayang Heulang,Taman,4.5,"8PP3+FR5, Mancagahar, Kec. Pameungpeuk, Kabupaten Garut, Jawa Barat 44175",2026-07-24T04:18:58.074208Z,https://www.google.com/maps/place/Taman+Teletubies+Sayang+Heulang/data=!4m7!3m6!1s0x2e66167a0bd3c0e5:0x656e07c3f87a4726!8m2!3d-7.6638501!4d107.7046114!16s%2Fg%2F11c6cf33rp!19sChIJ5cDTC3oWZi4RJkd6-MMHbmU?authuser=0&hl=id&rclk=1,success
Kampung Muara Sunda,Restoran Sunda,4.2,"Jl. Raya Bayongbong No.KM 3, Muara Sanding, Kec. Garut Kota, Kabupaten Garut, Jawa Barat 44119",2026-07-24T04:19:01.283453Z,https://www.google.com/maps/place/Kampung+Muara+Sunda/data=!4m7!3m6!1s0x2e68b0318c94a45d:0xa8d2f8c2d697f47c!8m2!3d-7.2352562!4d107.8994169!16s%2Fg%2F11c5_tvpds!19sChIJXaSUjDGwaC4RfPSX1sL40qg?authuser=0&hl=id&rclk=1,success
Curug Cisarua Cilawu,Tujuan Wisata,4.7,"JVXX+HJ3, Mekarmurni, Kec. Cilawu, Kabupaten Garut, Jawa Barat 44181",2026-07-24T04:19:04.613375Z,https://www.google.com/maps/place/Curug+Cisarua+Cilawu/data=!4m7!3m6!1s0x2e68a8e7532205bd:0x309fa588ea962af1!8m2!3d-7.3511125!4d107.8990469!16s%2Fg%2F11csqttp_8!19sChIJvQUiU-eoaC4R8SqW6oilnzA?authuser=0&hl=id&rclk=1,success
Kampung Cai mukti,Tujuan Wisata,4.9,"RWRR+GG2, Sukamukti, Kec. Banyuresmi, Kabupaten Garut, Jawa Barat 44191",2026-07-24T04:19:07.344037Z,https://www.google.com/maps/place/Kampung+Cai+mukti/data=!4m7!3m6!1s0x2e68b7d034a12d83:0x7bed1b7903ff9da!8m2!3d-7.1587324!4d107.9412565!16s%2Fg%2F11qqb_gk8k!19sChIJgy2hNNC3aC4R2vk_kLfRvgc?authuser=0&hl=id&rclk=1,success
Kawah Papandayan,Tujuan Wisata,4.7,"MPPJ+5JX, Sirnajaya, Kec. Cisurupan, Kabupaten Garut, Jawa Barat 44163",2026-07-24T04:19:10.114254Z,https://www.google.com/maps/place/Kawah+Papandayan/data=!4m7!3m6!1s0x2e68a3b8f49f0a39:0xbf954f072a1c6e5d!8m2!3d-7.3145054!4d107.7315997!16s%2Fg%2F11cm051n_p!19sChIJOQqf9LijaC4RXW4cKgdPlb8?authuser=0&hl=id&rclk=1,success
Jiwoon Korean,Restoran Korea,4.8,"sebrang SMA 1, Jl. Merdeka, Haurpanggung, Kec. Garut Kota, Kabupaten Garut, Jawa Barat 44151",2026-07-24T04:19:12.347156Z,https://www.google.com/maps/place/Jiwoon+Korean/data=!4m7!3m6!1s0x2e68b142c688d1f1:0x58f52ffab4d02181!8m2!3d-7.2056361!4d107.9033315!16s%2Fg%2F11sdz24hpw!19sChIJ8dGIxkKxaC4RgSHQtPov9Vg?authuser=0&hl=id&rclk=1,success
Mie Bakso Parahyangan,Restoran Bakso,4.2,"Jl. Ciledug No.35, Regol, Kec. Garut Kota, Kabupaten Garut, Jawa Barat 44114",2026-07-24T04:19:16.004402Z,https://www.google.com/maps/place/Mie+Bakso+Parahyangan/data=!4m7!3m6!1s0x2e68b1ccaf1c37f7:0x49f88e673afe479c!8m2!3d-7.2168651!4d107.9061761!16s%2Fg%2F1hm5m4qm0!19sChIJ9zccr8yxaC4RnEf-OmeO-Ek?authuser=0&hl=id&rclk=1,success
Curug Teko Papandayan,Tujuan Wisata,4.0,"MQW4+V45, Sirnajaya, Kec. Cisurupan, Kabupaten Garut, Jawa Barat 44163",2026-07-24T04:19:18.433131Z,https://www.google.com/maps/place/Curug+Teko+Papandayan/data=!4m7!3m6!1s0x2e68a385a492bdf9:0xd1ac7fffa27120cf!8m2!3d-7.3028738!4d107.7553439!16s%2Fg%2F11d_8gt3cq!19sChIJ-b2SpIWjaC4RzyBxov9_rNE?authuser=0&hl=id&rclk=1,success
Curug batu belah,Tujuan Wisata,5.0,"HP8C+6VG, Talagawangi, Kec. Pakenjeng, Kabupaten Garut, Jawa Barat 44164",2026-07-24T04:19:20.558288Z,https://www.google.com/maps/place/Curug+batu+belah/data=!4m7!3m6!1s0x2e661f0029284489:0x1fcf544a714de999!8m2!3d-7.4344335!4d107.7221945!16s%2Fg%2F11xl7n0y72!19sChIJiUQoKQAfZi4RmelNcUpUzx8?authuser=0&hl=id&rclk=1,success
Agro Bisnis Alfiqoroh,Tujuan Wisata,,"GQ5V+45Q, Neglasari, Kec. Cisompet, Kabupaten Garut, Jawa Barat 44174",2026-07-24T04:19:23.261649Z,https://www.google.com/maps/place/Agro+Bisnis+Alfiqoroh/data=!4m7!3m6!1s0x2e661d52db705021:0x89238e9cf248f45!8m2!3d-7.4921683!4d107.7929997!16s%2Fg%2F11vjj3d8cw!19sChIJIVBw21IdZi4RRY8kz-k4kgg?authuser=0&hl=id&rclk=1,success
Curug Handap,Tujuan Wisata,,"Neglasari, Kec. Cisompet, Kabupaten Garut, Jawa Barat 44174",2026-07-24T04:19:25.476914Z,https://www.google.com/maps/place/Curug+Handap/data=!4m7!3m6!1s0x2e661b792208fc35:0x8baa3b2a91361032!8m2!3d-7.5206644!4d107.8275128!16s%2Fg%2F11pz7yzcv7!19sChIJNfwIInkbZi4RMhA2kSo7qos?authuser=0&hl=id&rclk=1,success
Hutan Kota Guntur,Taman,4.0,"RW34+C8W, Haurpanggung, Kec. Tarogong Kidul, Kabupaten Garut, Jawa Barat 44151",2026-07-24T04:19:28.145762Z,https://www.google.com/maps/place/Hutan+Kota+Guntur/data=!4m7!3m6!1s0x2e68b102a0035ba9:0xa77da1c38269db7d!8m2!3d-7.1963799!4d107.9058239!16s%2Fg%2F11cjh_thsk!19sChIJqVsDoAKxaC4RfdtpgsOhfac?authuser=0&hl=id&rclk=1,success
Kolam renang Tirta Angsana(air panas),Tujuan Wisata,,"FQJ5+MJ8, Kp cipanas.desa, Sukamulya, Kec. Pakenjeng, Kabupaten Garut, Jawa Barat 44164",2026-07-24T04:19:30.983253Z,https://www.google.com/maps/place/Kolam+renang+Tirta+Angsana%28air+panas%29/data=!4m7!3m6!1s0x2e66190016d83305:0xdb4f5b4e187741e7!8m2!3d-7.5183436!4d107.7590863!16s%2Fg%2F11yhxrzj1f!19sChIJBTPYFgAZZi4R50F3GE5bT9s?authuser=0&hl=id&rclk=1,success
Curug Ceret,Area Rekreasi Alam,4.7,"CQP4+FX6, Panyindangan, Kec. Cisompet, Kabupaten Garut, Jawa Barat 44174",2026-07-24T04:19:33.871747Z,https://www.google.com/maps/place/Curug+Ceret/data=!4m7!3m6!1s0x2e6619f354b1b337:0xf767c7ea9fd67ad0!8m2!3d-7.563841!4d107.757383!16s%2Fg%2F11dxl8_cwn!19sChIJN7OxVPMZZi4R0HrWn-rHZ_c?authuser=0&hl=id&rclk=1,success
Pemandian air panas kp CIKATEL,Pemandian Umum,4.9,"RVCF+VR3, Pananjung, Kec. Tarogong Kaler, Kabupaten Garut, Jawa Barat 44151",2026-07-24T04:19:36.350201Z,https://www.google.com/maps/place/Pemandian+air+panas+kp+CIKATEL/data=!4m7!3m6!1s0x2e68b16d3017d7eb:0x7922e34e24c90f86!8m2!3d-7.1778552!4d107.8745313!16s%2Fg%2F11h4pfvkms!19sChIJ69cXMG2xaC4Rhg_JJE7jInk?authuser=0&hl=id&rclk=1,success
Taman Air Sabda Alam,Kompleks Kolam Renang,4.2,"Jl. Raya Cipanas, Cimanganten, Kec. Tarogong Kaler, Kabupaten Garut, Jawa Barat 44151",2026-07-24T04:19:39.132310Z,https://www.google.com/maps/place/Taman+Air+Sabda+Alam/data=!4m7!3m6!1s0x2e68b0bc51f623bb:0x3161b3e447e8b222!8m2!3d-7.1814047!4d107.8749526!16s%2Fg%2F11g6wc893j!19sChIJuyP2UbywaC4RIrLoR-SzYTE?authuser=0&hl=id&rclk=1,success
Talangseng (tubing),Pemandian di Ruang Terbuka,4.5,"QW56+67P, Margawati, Kec. Garut Kota, Kabupaten Garut, Jawa Barat 44181",2026-07-24T04:19:41.289339Z,https://www.google.com/maps/place/Talangseng+%28tubing%29/data=!4m7!3m6!1s0x2e68b14af6249e45:0xdd4aa551ab5990ba!8m2!3d-7.241908!4d107.9107079!16s%2Fg%2F11h4tnwg_0!19sChIJRZ4k9kqxaC4RupBZq1GlSt0?authuser=0&hl=id&rclk=1,success
Wisata Pelabuhan Rancabuaya,Tujuan Wisata,4.5,"FF9J+W8V, Purbayani, Kec. Caringin, Kabupaten Garut, Jawa Barat 44166",2026-07-24T04:19:44.362744Z,https://www.google.com/maps/place/Wisata+Pelabuhan+Rancabuaya/data=!4m7!3m6!1s0x2e662580a3b6edd1:0x11a2d5a9497fc3e2!8m2!3d-7.5301399!4d107.4808041!16s%2Fg%2F11g194bk_7!19sChIJ0e22o4AlZi4R4sN_SanVohE?authuser=0&hl=id&rclk=1,success
Situ Bagendit,Tujuan Wisata,4.2,"RWRX+H53, Sukamukti, Kec. Banyuresmi, Kabupaten Garut, Jawa Barat 44191",2026-07-24T04:19:46.935456Z,https://www.google.com/maps/place/Situ+Bagendit/data=!4m7!3m6!1s0x2e68b6aaddf6e4bf:0x5f1d19a9519c4ee0!8m2!3d-7.1608295!4d107.9365808!16s%2Fg%2F11b6hz80x5!19sChIJv-T23aq2aC4R4E6cUakZHV8?authuser=0&hl=id&rclk=1,success
Rumah Makan Dua Saudara,Restoran Sunda,4.4,"Jl. Otista No.199, Tarogong, Kec. Tarogong Kidul, Kabupaten Garut, Jawa Barat 44151",2026-07-24T04:19:49.536593Z,https://www.google.com/maps/place/Rumah+Makan+Dua+Saudara/data=!4m7!3m6!1s0x2e68b0ec0c6e2fed:0x4c9d492bb2cc5c7e!8m2!3d-7.1909922!4d107.886832!16s%2Fg%2F1hm3zzt1r!19sChIJ7S9uDOywaC4RflzMsitJnUw?authuser=0&hl=id&rclk=1,success
Pantai Cianda Cipandan Garut Selatan,Tujuan Wisata,5.0,"FG66+4CG, Kec. Mekarmukti, Kabupaten Garut, Jawa Barat 44165",2026-07-24T04:19:52.577116Z,https://www.google.com/maps/place/Pantai+Cianda+Cipandan+Garut+Selatan/data=!4m7!3m6!1s0x2e6625ada50ca9e1:0x89d7d883ce7695b4!8m2!3d-7.5396859!4d107.5110698!16s%2Fg%2F11kk1457t0!19sChIJ4akMpa0lZi4RtJV2zoPY14k?authuser=0&hl=id&rclk=1,success
CURUG CI AKAR,Tujuan Wisata,5.0,"GM7Q+RHC, Kampung Munjul, Sukamulya, Kec. Pakenjeng, Kabupaten Garut, Jawa Barat 44164",2026-07-24T04:19:55.195912Z,https://www.google.com/maps/place/CURUG+CI+AKAR/data=!4m7!3m6!1s0x2e661f000bffd293:0x2a1331f28e491eb9!8m2!3d-7.4854309!4d107.6888969!16s%2Fg%2F11w7kz0rly!19sChIJk9L_CwAfZi4RuR5JjvIxEyo?authuser=0&hl=id&rclk=1,success
Bukit Alam Bobojong,Tujuan Wisata,4.9,"Kp.Cikareo RT/RW 04/04 Des, Salakuray, Kec. Bayongbong, Kabupaten Garut, Jawa Barat 44162",2026-07-24T04:19:57.564983Z,https://www.google.com/maps/place/Bukit+Alam+Bobojong/data=!4m7!3m6!1s0x2e68b172fc29ac8b:0xbcec9951715ccd4!8m2!3d-7.2454156!4d107.8658767!16s%2Fg%2F11n0rw1_st!19sChIJi6wp_HKxaC4R1MwVF5XJzgs?authuser=0&hl=id&rclk=1,success
Sentral kuliner ikan garut,Restoran makanan pedesaan,4.1,"RV8Q+VR7, Jl. Otista No.40, Pananjung, Kec. Tarogong Kaler, Kabupaten Garut, Jawa Barat 44151",2026-07-24T04:19:59.941428Z,https://www.google.com/maps/place/Sentral+kuliner+ikan+garut/data=!4m7!3m6!1s0x2e68b1af647dd463:0x7d7a551aece034a6!8m2!3d-7.1827979!4d107.8896974!16s%2Fg%2F11tgfhzstm!19sChIJY9R9ZK-xaC4RpjTg7BpVen0?authuser=0&hl=id&rclk=1,success
Rumah Makan Garut,Restoran Jawa,4.5,"Jl. Ahmad Yani No.113, Ciwalen, Kec. Garut Kota, Kabupaten Garut, Jawa Barat 44116",2026-07-24T04:20:02.878693Z,https://www.google.com/maps/place/Rumah+Makan+Garut/data=!4m7!3m6!1s0x2e68b052742dfda7:0xd14331a2eed8b5db!8m2!3d-7.2157234!4d107.9070833!16s%2Fg%2F1hdzqhtqb!19sChIJp_0tdFKwaC4R27XY7qIxQ9E?authuser=0&hl=id&rclk=1,success
Pantai Santolo,Pantai,4.3,Jawa Barat,2026-07-24T04:20:04.576774Z,https://www.google.com/maps/place/Pantai+Santolo/data=!4m7!3m6!1s0x2e6616140366a15d:0xb2758ff514ffcd!8m2!3d-7.6500865!4d107.6876331!16s%2Fg%2F120kh7_w!19sChIJXaFmAxQWZi4Rzf8U9Y91sgA?authuser=0&hl=id&rclk=1,success
Warung Bambu garut,Restoran Seafood,4.2,"QWP2+RH4, Unnamed Road, Pakuwon, Kec. Garut Kota, Kabupaten Garut, Jawa Barat 44117",2026-07-24T04:20:07.112314Z,https://www.google.com/maps/place/Warung+Bambu+garut/data=!4m7!3m6!1s0x2e68b053b5a80f47:0x449c817ebc5f5dcc!8m2!3d-7.2129813!4d107.901466!16s%2Fg%2F11c70c5bxs!19sChIJRw-otVOwaC4RzF1fvH6BnEQ?authuser=0&hl=id&rclk=1,success
Saung Hadum,Tujuan Wisata,,"Kp. CICADAS Hilir RT 01 RW 04 Ds, Margamulya, Kec. Cisompet, Kabupaten Garut, Jawa Barat 44174",2026-07-24T04:20:10.078413Z,https://www.google.com/maps/place/Saung+Hadum/data=!4m7!3m6!1s0x2e661b570d5d472f:0x480dd28cb856852a!8m2!3d-7.5239283!4d107.7733446!16s%2Fg%2F11qg0x8r3l!19sChIJL0ddDVcbZi4RKoVWuIzSDUg?authuser=0&hl=id&rclk=1,success
Taman Kuliner CIbatu,Pujasera,4.4,"Keresek, Kec. Cibatu, Kabupaten Garut, Jawa Barat 44185",2026-07-24T04:20:12.363833Z,https://www.google.com/maps/place/Taman+Kuliner+CIbatu/data=!4m7!3m6!1s0x2e68b525e9e62b37:0xcf7bf0e35d933404!8m2!3d-7.097716!4d107.9836993!16s%2Fg%2F11s48dtm9c!19sChIJNyvm6SW1aC4RBDSTXePwe88?authuser=0&hl=id&rclk=1,success
Wisata leuwi ompong,Tujuan Wisata,5.0,"GQW3+JR, Talagawangi, Kec. Pakenjeng, Kabupaten Garut, Jawa Barat 44164",2026-07-24T04:20:14.837646Z,https://www.google.com/maps/place/Wisata+leuwi+ompong/data=!4m7!3m6!1s0x2e661f7fbdbc4f3d:0x9097e5552632f37c!8m2!3d-7.4534391!4d107.7545869!16s%2Fg%2F11v008sqqd!19sChIJPU-8vX8fZi4RfPMyJlXll5A?authuser=0&hl=id&rclk=1,success
Wiskul (Wisata & Kuliner) AsSunan,Tujuan Wisata,5.0,"Jalan Ciraden No.01, Pasirwaru, Kec. Balubur Limbangan, Kabupaten Garut, Jawa Barat 44186",2026-07-24T04:20:16.594888Z,https://www.google.com/maps/place/Wiskul+%28Wisata+%26+Kuliner%29+AsSunan/data=!4m7!3m6!1s0x2e68cb66914c1b3d:0xaa6959e44870e38c!8m2!3d-7.0264711!4d107.9845869!16s%2Fg%2F11sdp_v_v5!19sChIJPRtMkWbLaC4RjONwSORZaao?authuser=0&hl=id&rclk=1,success
Curug Orok,Tujuan Wisata,4.2,"JP6P+WGG, Jl. Curug Orok, Cikandang, Kec. Cikajang, Kabupaten Garut, Jawa Barat 44171",2026-07-24T04:20:18.587620Z,https://www.google.com/maps/place/Curug+Orok/data=!4m7!3m6!1s0x2e68a101cce0073b:0x51c4f464f0bfa4b6!8m2!3d-7.3876789!4d107.7363368!16s%2Fg%2F122l89mp!19sChIJOwfgzAGhaC4RtqS_8GT0xFE?authuser=0&hl=id&rclk=1,success
Ghina resto,Pujasera,4.6,"sor merdeka, gerbang basket, wisata kuliner kerkof, Jl. Merdeka, Haurpanggung, Kec. Tarogong Kidul, Kabupaten Garut, Jawa Barat 44151",2026-07-24T04:20:20.512285Z,https://www.google.com/maps/place/Ghina+resto/data=!4m7!3m6!1s0x2e68b1a8c0152225:0xf7553aa28a2b3637!8m2!3d-7.2074022!4d107.9012186!16s%2Fg%2F11yfg3b2y7!19sChIJJSIVwKixaC4RNzYriqI6Vfc?authuser=0&hl=id&rclk=1,success
"Penginapan dan pemandian air panas Putra Lugina, Cipanas Tarogong GarutGarut",Hotel,3.7,"RVCC+FF4, Jl. Raya Cipanas, kp. Naringgul, Rancabango, Kec. Tarogong Kaler, Kabupaten Garut, Jawa Barat 44151",2026-07-24T04:20:23.054232Z,"https://www.google.com/maps/place/Penginapan+dan+pemandian+air+panas+Putra+Lugina,+Cipanas+Tarogong+GarutGarut/data=!4m7!3m6!1s0x2e68b18e23a01963:0x25db0ee1c1dcaca6!8m2!3d-7.178867!4d107.8712078!16s%2Fg%2F11q3nsyb3l!19sChIJYxmgI46xaC4RpqzcweEO2yU?authuser=0&hl=id&rclk=1",success
Pantai Cipalawah,Tempat Acara Memancing,3.0,"7R7X+P7J, Sancang, Kec. Cibalong, Kabupaten Garut, Jawa Barat 44176",2026-07-24T04:20:25.505593Z,https://www.google.com/maps/place/Pantai+Cipalawah/data=!4m7!3m6!1s0x2e66136efcafd11f:0x3a1d65d5039ba983!8m2!3d-7.7356747!4d107.848127!16s%2Fg%2F11h5s2t9yd!19sChIJH9Gv_G4TZi4Rg6mbA9VlHTo?authuser=0&hl=id&rclk=1,success
Pantai Cicalobak,Pantai,4.3,"Karangwangi, Kec. Depok, Jawa Barat 44165",2026-07-24T04:20:28.508629Z,https://www.google.com/maps/place/Pantai+Cicalobak/data=!4m7!3m6!1s0x2e66244eaaaaaaab:0x492a9b59f41f797a!8m2!3d-7.5457328!4d107.5295512!16s%2Fg%2F11bw5ygq2j!19sChIJq6qqqk4kZi4Renkf9FmbKkk?authuser=0&hl=id&rclk=1,success
Gunung Papandayan Garut,Tujuan Wisata,4.7,"MPPG+23M, Karamat Wangi, Kec. Cisurupan, Kabupaten Garut, Jawa Barat 44163",2026-07-24T04:20:31.234044Z,https://www.google.com/maps/place/Gunung+Papandayan+Garut/data=!4m7!3m6!1s0x2e68a3b7b22f002b:0x596297f4a78ff5f!8m2!3d-7.3149002!4d107.7251744!16s%2Fg%2F11bwdgkp11!19sChIJKwAvsrejaC4RX_94Sn8plgU?authuser=0&hl=id&rclk=1,success
Kolam Renang Air Panas Banyu Mandala,Kolam Renang Umum,4.3,"RW56+58W, Unnamed Road, Sukasenang, Kec. Banyuresmi, Kabupaten Garut, Jawa Barat 44191",2026-07-24T04:20:33.596097Z,https://www.google.com/maps/place/Kolam+Renang+Air+Panas+Banyu+Mandala/data=!4m7!3m6!1s0x2e68b1194a9eafaf:0xee814348b9a0d436!8m2!3d-7.1920111!4d107.9108242!16s%2Fg%2F11f3jn50r9!19sChIJr6-eShmxaC4RNtSguUhDge4?authuser=0&hl=id&rclk=1,success
Pantai Ci Anda,Pantai,4.3,"Karangwangi, Kec. Mekarmukti, Kabupaten Garut, Jawa Barat 44165",2026-07-24T04:20:36.410937Z,https://www.google.com/maps/place/Pantai+Ci+Anda/data=!4m7!3m6!1s0x2e6625ba8b41b945:0xfde4e882fc69646d!8m2!3d-7.540372!4d107.5136202!16s%2Fg%2F11f3p0f2f1!19sChIJRblBi7olZi4RbWRp_ILo5P0?authuser=0&hl=id&rclk=1,success
Kolam Renang dANAU DARIZA,Kolam Renang,4.3,"Jl. Cipanas Raya No. 44/45 Kel, Cimanganten, Kec. Tarogong Kaler, Kabupaten Garut, Jawa Barat 44151",2026-07-24T04:20:39.222429Z,https://www.google.com/maps/place/Kolam+Renang+dANAU+DARIZA/data=!4m7!3m6!1s0x2e68b11daeaaab89:0xeb5e8cf9b5ebd429!8m2!3d-7.1810495!4d107.8765995!16s%2Fg%2F11rxvlq_pm!19sChIJiauqrh2xaC4RKdTrtfmMXus?authuser=0&hl=id&rclk=1,success
Kolam renang garung Lebak,Tujuan Wisata,,"FRR7+7MR, Jl. Raya Cisompet, Neglasari, Kec. Cisompet, Kabupaten Garut, Jawa Barat 44174",2026-07-24T04:20:41.182471Z,https://www.google.com/maps/place/Kolam+renang+garung+Lebak/data=!4m7!3m6!1s0x2e661b004c0bb8c9:0xe34f688a2bc960f0!8m2!3d-7.509264!4d107.8141554!16s%2Fg%2F11zcfz4170!19sChIJybgLTAAbZi4R8GDJK4poT-M?authuser=0&hl=id&rclk=1,success
Wisata Adventure Trail Gunung Kasuma,Tujuan Wisata,,"Kp. Onyam 01/02, Jatisari, Kec. Cisompet, Kabupaten Garut, Jawa Barat 44174",2026-07-24T04:20:43.540143Z,https://www.google.com/maps/place/Wisata+Adventure+Trail+Gunung+Kasuma/data=!4m7!3m6!1s0x2e661bb47af1c835:0x7cfd64b4bd9568dc!8m2!3d-7.5498498!4d107.8402296!16s%2Fg%2F11m8xcgnpy!19sChIJNcjxerQbZi4R3GiVvbRk_Xw?authuser=0&hl=id&rclk=1,success
Cipanas darajat garut,Pondok,4.3,"QQJ3+P8, Karyamekar, Kec. Pasirwangi, Kabupaten Garut, Jawa Barat 44161",2026-07-24T04:20:45.322405Z,https://www.google.com/maps/place/Cipanas+darajat+garut/data=!4m7!3m6!1s0x2e68bd4a0d3ff2e5:0x5ac7a7eaae15d0b6!8m2!3d-7.2181875!4d107.7533125!16s%2Fg%2F11rkmcvyy1!19sChIJ5fI_DUq9aC4RttAVruqnx1o?authuser=0&hl=id&rclk=1,success
Rumah Makan Megawati,Restoran Sunda,4.4,"Jl. Ciceuri Cilawu - Garut Tasik Km. 11, Mekarsari, Cilawu, Mekarsari, Kec. Cilawu, Kabupaten Garut, Jawa Barat 44181",2026-07-24T04:20:47.850432Z,https://www.google.com/maps/place/Rumah+Makan+Megawati/data=!4m7!3m6!1s0x2e68aef17b46110d:0x89d834ba031a7189!8m2!3d-7.2945971!4d107.9231137!16s%2Fg%2F11cjj01jbm!19sChIJDRFGe_GuaC4RiXEaA7o02Ik?authuser=0&hl=id&rclk=1,success
Batu Patapaan,Tujuan Wisata,4.6,"HRPH+XXV, Jl. Cikajang, Tanjungjaya, Kec. Banjarwangi, Kabupaten Garut, Jawa Barat 44172",2026-07-24T04:20:50.068804Z,https://www.google.com/maps/place/Batu+Patapaan/data=!4m7!3m6!1s0x2e68a7ff04e35d29:0xf4927da0e6148b1b!8m2!3d-7.4125001!4d107.8299244!16s%2Fg%2F11gjm3qcjt!19sChIJKV3jBP-naC4RG4sU5qB9kvQ?authuser=0&hl=id&rclk=1,success
Curug Tipar,Tujuan Wisata,,"HP69+XQM, Kp tipar desa, telaga wangi, Kec. Pakenjeng, Kabupaten Garut, Jawa Barat 44164",2026-07-24T04:20:51.793295Z,https://www.google.com/maps/place/Curug+Tipar/data=!4m7!3m6!1s0x2e661f001fe6e2b5:0x197e986d5cb6d46e!8m2!3d-7.436739!4d107.720127!16s%2Fg%2F11yc92tgv1!19sChIJteLmHwAfZi4RbtS2XG2Yfhk?authuser=0&hl=id&rclk=1,success
Desa wisata pusat icconet margaluyu,Tujuan Wisata,5.0,"VWG9+G55 Homestay desa wisata, Margaluyu, Kec. Leles, Kabupaten Garut, Jawa Barat 44152",2026-07-24T04:20:54.710566Z,https://www.google.com/maps/place/Desa+wisata+pusat+icconet+margaluyu/data=!4m7!3m6!1s0x2e68b7fb4e6d98b1:0xda1c5b019962139e!8m2!3d-7.1237413!4d107.9179937!16s%2Fg%2F11vbwclcqx!19sChIJsZhtTvu3aC4RnhNimQFbHNo?authuser=0&hl=id&rclk=1,success
Jadun,Tujuan Wisata,4.2,"GQ6P+F2, KP.JADUN, RT./rw/RW.001/009, Neglasari, Kec. Cisompet, Kabupaten Garut, Jawa Barat 44174",2026-07-24T04:20:56.943726Z,https://www.google.com/maps/place/Jadun/data=!4m7!3m6!1s0x2e661c6c00000001:0x7736ea4a77116e59!8m2!3d-7.4909685!4d107.7855029!16s%2Fg%2F11gbf8lwl1!19sChIJAQAAAGwcZi4RWW4Rd0rqNnc?authuser=0&hl=id&rclk=1,success
Curug walet,Tujuan Wisata,5.0,"HQ26+PM, Talagawangi, Kec. Pakenjeng, Kabupaten Garut, Jawa Barat 44164",2026-07-24T04:20:59.241026Z,https://www.google.com/maps/place/Curug+walet/data=!4m7!3m6!1s0x2e661f3c5ac1f735:0x815c78c82218c8cd!8m2!3d-7.4481681!4d107.7616629!16s%2Fg%2F11rzsm8wfb!19sChIJNffBWjwfZi4RzcgYIsh4XIE?authuser=0&hl=id&rclk=1,success
Pantai Muara Cikelet,Taman Rekreasi Air,5.0,"9MGC+M4C, Jl. Muara, Cikelet, Kec. Cikelet, Kabupaten Garut, Jawa Barat 44177",2026-07-24T04:21:02.085261Z,https://www.google.com/maps/place/Pantai+Muara+Cikelet/data=!4m7!3m6!1s0x2e6617c2479be2b7:0xe4777623e7a0a2c6!8m2!3d-7.6233006!4d107.6702622!16s%2Fg%2F11q1v2l3y9!19sChIJt-KbR8IXZi4RxqKg5yN2d-Q?authuser=0&hl=id&rclk=1,success
Wisata Gunung Papandayan Garut,Area Mendaki,4.7,"MPPH+788, Jl. Kawah Papandayan, Cisurupan, Kec. Cisurupan, Kabupaten Garut, Jawa Barat 44163",2026-07-24T04:21:04.524688Z,https://www.google.com/maps/place/Wisata+Gunung+Papandayan+Garut/data=!4m7!3m6!1s0x2e68a3711aeeb3ff:0x86feed160e4e4260!8m2!3d-7.3143252!4d107.728317!16s%2Fg%2F11vdf_83h1!19sChIJ_7PuGnGjaC4RYEJODhbt_oY?authuser=0&hl=id&rclk=1,success
Tugu Peringatan Banjir Bandang Sungai Cimanuk,Taman Kota,4.7,"QVHX+WFR, Jl. Rsu DR. Slamet, Sukakarya, Kec. Tarogong Kidul, Kabupaten Garut, Jawa Barat 44151",2026-07-24T04:21:06.647189Z,https://www.google.com/maps/place/Tugu+Peringatan+Banjir+Bandang+Sungai+Cimanuk/data=!4m7!3m6!1s0x2e68b10a749d55d5:0x4d9507a066df6d34!8m2!3d-7.2201361!4d107.898652!16s%2Fg%2F11g22z8zxj!19sChIJ1VWddAqxaC4RNG3fZqAHlU0?authuser=0&hl=id&rclk=1,success
Cipanas Pakenjeng,Tujuan Wisata,3.9,"GMJF+3P6, cipanas, Sukamulya, Kec. Pakenjeng, Kabupaten Garut, Jawa Barat 44164",2026-07-24T04:21:09.470288Z,https://www.google.com/maps/place/Cipanas+Pakenjeng/data=!4m7!3m6!1s0x2e6621d67b9f4465:0x24754cf62c6cbd4!8m2!3d-7.4698252!4d107.674256!16s%2Fg%2F11b6xhwfgj!19sChIJZUSfe9YhZi4R1MvGYs9URwI?authuser=0&hl=id&rclk=1,success
Taman maktal,Taman Kota,4.5,"Jl. Cimanuk No.129, Paminggir, Kec. Garut Kota, Kabupaten Garut, Jawa Barat 44118",2026-07-24T04:21:12.056982Z,https://www.google.com/maps/place/Taman+maktal/data=!4m7!3m6!1s0x2e68b18059786fc7:0xcd625a2abbefb5b7!8m2!3d-7.2193744!4d107.9001245!16s%2Fg%2F11llfb5xgz!19sChIJx294WYCxaC4Rt7XvuypaYs0?authuser=0&hl=id&rclk=1,success
Curug Ngaleung,Tujuan Wisata,4.3,"FR98+RCF, Sindangsari, Kec. Cisompet, Kabupaten Garut, Jawa Barat 44174",2026-07-24T04:21:14.975057Z,https://www.google.com/maps/place/Curug+Ngaleung/data=!4m7!3m6!1s0x2e661b061cecd13f:0xe2f9c6de28daae03!8m2!3d-7.5304334!4d107.8160571!16s%2Fg%2F11c524bb6z!19sChIJP9HsHAYbZi4RA67aKN7G-eI?authuser=0&hl=id&rclk=1,success
Curug Cikaso Cisompet,Tujuan Wisata,4.8,"FR52+2H3, Sindangsari, Kec. Cisompet, Kabupaten Garut, Jawa Barat 44174",2026-07-24T04:21:17.108628Z,https://www.google.com/maps/place/Curug+Cikaso+Cisompet/data=!4m7!3m6!1s0x2e661b5e6b753bb3:0xc515284cd90d544d!8m2!3d-7.5424975!4d107.80143!16s%2Fg%2F11rms_cfyl!19sChIJszt1a14bZi4RTVQN2UwoFcU?authuser=0&hl=id&rclk=1,success
Kawah Talaga Bodas Garut,Tujuan Wisata,4.4,"Q3Q8+WP3, Jl. Galunggung, Sukamenak, Kec. Wanaraja, Kabupaten Garut, Jawa Barat 44184",2026-07-24T04:21:20.167916Z,https://www.google.com/maps/place/Kawah+Talaga+Bodas+Garut/data=!4m7!3m6!1s0x2e68b4baaaaaaaab:0xd56bad4fdd2a9614!8m2!3d-7.2102472!4d108.066804!16s%2Fg%2F11bxfrshhb!19sChIJq6qqqrq0aC4RFJYq3U-ta9U?authuser=0&hl=id&rclk=1,success
Pantai cicalengka,Tujuan Wisata,4.6,"CJG3+RW7, Unnamed Road, Karangsari, Kec. Pakenjeng, Kabupaten Garut, Jawa Barat 44164",2026-07-24T04:21:23.278555Z,https://www.google.com/maps/place/Pantai+cicalengka/data=!4m7!3m6!1s0x2e662321c4fca5b7:0x270cb5774f852b56!8m2!3d-7.5729629!4d107.6048083!16s%2Fg%2F11fn4k43vw!19sChIJt6X8xCEjZi4RViuFT3e1DCc?authuser=0&hl=id&rclk=1,success
Cargo kitchen,Restoran,4.3,"Jl. Cimanuk No.338, Sukagalih, Kec. Tarogong Kidul, Kabupaten Garut, Jawa Barat 44151",2026-07-24T04:21:25.663655Z,https://www.google.com/maps/place/Cargo+kitchen/data=!4m7!3m6!1s0x2e68b0f658ccd7cb:0x98101c0f94f14f0!8m2!3d-7.20386!4d107.889457!16s%2Fg%2F11clrmxddy!19sChIJy9fMWPawaC4R8BRP-cABgQk?authuser=0&hl=id&rclk=1,success
Bukit Tegal Malaka,Taman bermain,4.5,"Rancabango, Kec. Tarogong Kaler, Kabupaten Garut, Jawa Barat 44151",2026-07-24T04:21:28.504187Z,https://www.google.com/maps/place/Bukit+Tegal+Malaka/data=!4m7!3m6!1s0x2e68b1768d29fb0d:0x593a5beecbac34b2!8m2!3d-7.1790164!4d107.8681938!16s%2Fg%2F11h7f_nb3h!19sChIJDfspjXaxaC4RsjSsy-5bOlk?authuser=0&hl=id&rclk=1,success
Curug Halimun,Tujuan Wisata,,"HPH2+R3, Jatiwangi, Kec. Pakenjeng, Kabupaten Garut, Jawa Barat 44164",2026-07-24T04:21:31.185701Z,https://www.google.com/maps/place/Curug+Halimun/data=!4m7!3m6!1s0x2e68a1ee8892081b:0xfca423f28a2aa9c8!8m2!3d-7.4204395!4d107.7001414!16s%2Fg%2F11l60f1f3b!19sChIJGwiSiO6haC4RyKkqivIjpPw?authuser=0&hl=id&rclk=1,success
Cimanuk Tambakbaya Rafting (SENi Dan ALam Adventure) trak star,Tujuan Wisata,5.0,"Jl. Raya Garut - Cikajang, Balewangi, Kec. Cisurupan, Kabupaten Garut, Jawa Barat 44163",2026-07-24T04:21:33.885831Z,https://www.google.com/maps/place/Cimanuk+Tambakbaya+Rafting+%28SENi+Dan+ALam+Adventure%29+trak+star/data=!4m7!3m6!1s0x2e68a50bce8f5e35:0x94539e802494941c!8m2!3d-7.287831!4d107.804599!16s%2Fg%2F11q2xj14gp!19sChIJNV6PzgulaC4RHJSUJICeU5Q?authuser=0&hl=id&rclk=1,success
Jip Wisata Garut,Tujuan Wisata,5.0,"RVGJ+FH9, Dekat, Pananjung, Kec. Tarogong Kaler, Kabupaten Garut, Jawa Barat 44151",2026-07-24T04:21:36.213307Z,https://www.google.com/maps/place/Jip+Wisata+Garut/data=!4m7!3m6!1s0x2e68b1005dc43533:0x1a9830228c72f348!8m2!3d-7.1738333!4d107.8815!16s%2Fg%2F11xfvc0y4t!19sChIJMzXEXQCxaC4RSPNyjCIwmBo?authuser=0&hl=id&rclk=1,success
KOLAM BERENANG AIR PANAS TIRTA ANGSANA,Tujuan Wisata,3.5,"cipanas pakenjeng, kp cipanas, Sukamulya, Kec. Pakenjeng, Kabupaten Garut, Jawa Barat 44164",2026-07-24T04:21:39.250728Z,https://www.google.com/maps/place/KOLAM+BERENANG+AIR+PANAS+TIRTA+ANGSANA/data=!4m7!3m6!1s0x2e661ff186812545:0xea9ef189dab01434!8m2!3d-7.4698125!4d107.6743125!16s%2Fg%2F11rynlsvkv!19sChIJRSWBhvEfZi4RNBSw2onxnuo?authuser=0&hl=id&rclk=1,success
Pantai Karang Papak,Tujuan Wisata,4.6,"Pantai Karang Papak, Kec. Cikelet, Kabupaten Garut, Jawa Barat",2026-07-24T04:21:42.026321Z,https://www.google.com/maps/place/Pantai+Karang+Papak/data=!4m7!3m6!1s0x2e66163a610a8ed1:0x1cea5dc58f1f3034!8m2!3d-7.6405941!4d107.6837437!16s%2Fg%2F11c0r2p44h!19sChIJ0Y4KYToWZi4RNDAfj8Vd6hw?authuser=0&hl=id&rclk=1,success
Rumah Makan Sunda - Dapoer Nyunda,Restoran,5.0,"Jl. Cimanuk No.17, Paminggir, Kec. Garut Kota, Kabupaten Garut, Jawa Barat 44118",2026-07-24T04:21:44.500418Z,https://www.google.com/maps/place/Rumah+Makan+Sunda+-+Dapoer+Nyunda/data=!4m7!3m6!1s0x2e68b1e80dba958d:0x590c0a1796d791ca!8m2!3d-7.2171089!4d107.8996027!16s%2Fg%2F11ycs23g7j!19sChIJjZW6DeixaC4RypHXlhcKDFk?authuser=0&hl=id&rclk=1,success
Kolam Rendam Air Panas Cipanas Garut,Kolam Renang,4.4,"RV8H+QXJ, Jl. Raya Cipanas, Cimanganten, Kec. Tarogong Kaler, Kabupaten Garut, Jawa Barat 44151",2026-07-24T04:21:47.140922Z,https://www.google.com/maps/place/Kolam+Rendam+Air+Panas+Cipanas+Garut/data=!4m7!3m6!1s0x2e68b1e9071e8705:0x8755d222f92b7124!8m2!3d-7.1830338!4d107.8798785!16s%2Fg%2F11h4pc5t19!19sChIJBYceB-mxaC4RJHEr-SLSVYc?authuser=0&hl=id&rclk=1,success
Pantai Cijeruk Garut,Pantai,4.6,"Sancang, Kec. Cibalong, Kabupaten Garut, Jawa Barat 44176",2026-07-24T04:21:49.601955Z,https://www.google.com/maps/place/Pantai+Cijeruk+Garut/data=!4m7!3m6!1s0x2e66128b7d174a03:0x8601e8c1846cdad4!8m2!3d-7.71117!4d107.837028!16s%2Fg%2F11c6z171jn!19sChIJA0oXfYsSZi4R1NpshMHoAYY?authuser=0&hl=id&rclk=1,success
Villa Bumi Rancamaya Garut,Tujuan Wisata,4.1,"KP, Rancamaya, Sukabakti, Kec. Tarogong Kidul, Kabupaten Garut, Jawa Barat 44151",2026-07-24T04:21:52.268759Z,https://www.google.com/maps/place/Villa+Bumi+Rancamaya+Garut/data=!4m7!3m6!1s0x2e68b04009be65b9:0x5bed766033d2714!8m2!3d-7.2271932!4d107.8827948!16s%2Fg%2F11f01xml1w!19sChIJuWW-CUCwaC4RFCc9A2bXvgU?authuser=0&hl=id&rclk=1,success
Gumuk pasir garsel,Titik Pemandangan,4.8,"8PM4+4H7, Dekat Pantai sayang heulang, Mancagahar, Kec. Pameungpeuk, Kabupaten Garut, Jawa Barat 44175",2026-07-24T04:21:55.008211Z,https://www.google.com/maps/place/Gumuk+pasir+garsel/data=!4m7!3m6!1s0x2e66173faf719d55:0x3faa71012e1160f0!8m2!3d-7.6672109!4d107.7064228!16s%2Fg%2F11fp33y6t7!19sChIJVZ1xrz8XZi4R8GARLgFxqj8?authuser=0&hl=id&rclk=1,success
Goa pardita,Tujuan Wisata,1.0,"HQ26+PM, Talagawangi, Kec. Pakenjeng, Kabupaten Garut, Jawa Barat 44164",2026-07-24T04:21:56.799155Z,https://www.google.com/maps/place/Goa+pardita/data=!4m7!3m6!1s0x2e661f1d9f73ec89:0x9e88098ed8d84bfa!8m2!3d-7.448226!4d107.7616595!16s%2Fg%2F11rzsl7mc7!19sChIJiexznx0fZi4R-kvY2I4JiJ4?authuser=0&hl=id&rclk=1,success
pantai karangnunggal cikelet,Rumah Pondokan,4.3,"Cikelet, Kec. Cikelet, Kabupaten Garut, Jawa Barat",2026-07-24T04:21:59.476372Z,https://www.google.com/maps/place/pantai+karangnunggal+cikelet/data=!4m7!3m6!1s0x2e6617d47dce330b:0xf671003f73a6e3da!8m2!3d-7.626961!4d107.6743581!16s%2Fg%2F11f4wt8k5j!19sChIJCzPOfdQXZi4R2uOmcz8AcfY?authuser=0&hl=id&rclk=1,success
AGROWISATA TEPAS PAPANDAYAN (ATP),Tujuan Wisata,4.5,"Lapang, RW.10, Karamat Wangi, Kec. Cisurupan, Kabupaten Garut, Jawa Barat 44163",2026-07-24T04:22:02.006087Z,https://www.google.com/maps/place/AGROWISATA+TEPAS+PAPANDAYAN+%28ATP%29/data=!4m7!3m6!1s0x2e68a541104e5e91:0xe1fbdd0a6f44c33b!8m2!3d-7.314251!4d107.766341!16s%2Fg%2F11sq30ydlx!19sChIJkV5OEEGlaC4RO8NEbwrd--E?authuser=0&hl=id&rclk=1,success
CURUG CIUNG SUNGAI CIMANGKE,Tujuan Wisata,,"FPV6+FFF, Karangsari, Kec. Cikelet, Kabupaten Garut, Jawa Barat 44177",2026-07-24T04:22:04.421758Z,https://www.google.com/maps/place/CURUG+CIUNG+SUNGAI+CIMANGKE/data=!4m7!3m6!1s0x2e661900077ad811:0x140e45b67b248ed4!8m2!3d-7.506302!4d107.711173!16s%2Fg%2F11ydr02zl1!19sChIJEdh6BwAZZi4R1I4ke7ZFDhQ?authuser=0&hl=id&rclk=1,success
Desa Wisata Situ Cangkuang,Tujuan Wisata,4.7,"Kp. Lolohan, RT.002/RW.013, Cangkuang, Leles, Garut Regency, West Java 44152",2026-07-24T04:22:06.593070Z,https://www.google.com/maps/place/Desa+Wisata+Situ+Cangkuang/data=!4m7!3m6!1s0x2e68b7bc613d0a57:0x17476abf22538698!8m2!3d-7.1044409!4d107.9204194!16s%2Fg%2F11p02pbw77!19sChIJVwo9Yby3aC4RmIZTIr9qRxc?authuser=0&hl=id&rclk=1,success
Leuwidangder waterpark,Tujuan Wisata,,"FQ6W+XX3, Kp.penclut, RT./RW/RW.001, 008, Sindangsari, Kec. Cisompet, Kabupaten Garut, Jawa Barat 44174",2026-07-24T04:22:09.161714Z,https://www.google.com/maps/place/Leuwidangder+waterpark/data=!4m7!3m6!1s0x2e661b007b457e65:0xad2e7bf874d6ceb9!8m2!3d-7.5376165!4d107.7974093!16s%2Fg%2F11vk7h18zt!19sChIJZX5FewAbZi4Ruc7WdPh7Lq0?authuser=0&hl=id&rclk=1,success
Karang Gajah,Tujuan Wisata,4.6,"7V5X+QM2, Sancang, Kec. Cibalong, Kabupaten Garut, Jawa Barat",2026-07-24T04:22:11.915757Z,https://www.google.com/maps/place/Karang+Gajah/data=!4m7!3m6!1s0x2e660d2c0fdb62e1:0x43704e009f8ad00d!8m2!3d-7.740612!4d107.899154!16s%2Fg%2F11f008_m7p!19sChIJ4WLbDywNZi4RDdCKnwBOcEM?authuser=0&hl=id&rclk=1,success
Wisata Air Gunbul Garut,Taman Hiburan,4.8,"Kp Cihareuday, Neglasari, Kec. Pakenjeng, Kabupaten Garut, Jawa Barat 44164",2026-07-24T04:22:14.492480Z,https://www.google.com/maps/place/Wisata+Air+Gunbul+Garut/data=!4m7!3m6!1s0x2e6621422dec66b9:0xd215b323c8fda624!8m2!3d-7.4868445!4d107.6630815!16s%2Fg%2F11wxkdmn26!19sChIJuWbsLUIhZi4RJKb9yCOzFdI?authuser=0&hl=id&rclk=1,success
Rumah Makan Khas Sunda M. Iki,Restoran Sunda,4.5,"Jl. Pasar Baru No.84, Ciwalen, Kec. Garut Kota, Kabupaten Garut, Jawa Barat 44116",2026-07-24T04:22:16.455871Z,https://www.google.com/maps/place/Rumah+Makan+Khas+Sunda+M.+Iki/data=!4m7!3m6!1s0x2e68b1ad1616b4e3:0xc832199220912060!8m2!3d-7.2134787!4d107.9074701!16s%2Fg%2F11b6d7d9dx!19sChIJ47QWFq2xaC4RYCCRIJIZMsg?authuser=0&hl=id&rclk=1,success
Curug Citiis,Area Mendaki,4.6,"Pasawahan, Kec. Tarogong Kaler, Kabupaten Garut, Jawa Barat 44151",2026-07-24T04:22:18.564020Z,https://www.google.com/maps/place/Curug+Citiis/data=!4m7!3m6!1s0x2e68b74e531b6f49:0xa2de4f7cc3dc8add!8m2!3d-7.1571361!4d107.8656813!16s%2Fg%2F11c4t3z4m8!19sChIJSW8bU063aC4R3Yrcw3xP3qI?authuser=0&hl=id&rclk=1,success
Wisata Lewi Lisung,Tujuan Wisata,5.0,"GQV2+9WF, Talagawangi, Kec. Pakenjeng, Kabupaten Garut, Jawa Barat 44164",2026-07-24T04:22:20.833947Z,https://www.google.com/maps/place/Wisata+Lewi+Lisung/data=!4m7!3m6!1s0x2e661f3fa3d557d3:0x6734e255a601147d!8m2!3d-7.4565042!4d107.7530741!16s%2Fg%2F11sf3947dd!19sChIJ01fVoz8fZi4RfRQBplXiNGc?authuser=0&hl=id&rclk=1,success
Resto Core Garden Garut,Restoran,4.9,"Jl. Raya Samarang No.66, Rancabango, Kec. Tarogong Kaler, Kabupaten Garut, Jawa Barat 44151",2026-07-24T04:22:23.418959Z,https://www.google.com/maps/place/Resto+Core+Garden+Garut/data=!4m7!3m6!1s0x2e68b154f11d465d:0xadc42681e1bfc284!8m2!3d-7.1966445!4d107.8787068!16s%2Fg%2F11t2xwv_zf!19sChIJXUYd8VSxaC4RhMK_4YEmxK0?authuser=0&hl=id&rclk=1,success
Desa tangguh dt peduli,Tujuan Wisata,5.0,"QQQR+X3X, Padamulya, Kec. Pasirwangi, Kabupaten Garut, Jawa Barat 44161",2026-07-24T04:22:26.124467Z,https://www.google.com/maps/place/Desa+tangguh+dt+peduli/data=!4m7!3m6!1s0x2e68bbcffd2abcb5:0x8444a4e7df18106f!8m2!3d-7.2100041!4d107.7902495!16s%2Fg%2F11hzqhnfd4!19sChIJtbwq_c-7aC4RbxAY3-ekRIQ?authuser=0&hl=id&rclk=1,success
Sayang Heulang Beach,Pantai,4.4,"Pantai sayang, heulang, Kabupaten Garut, Jawa Barat 44177",2026-07-24T04:22:28.115977Z,https://www.google.com/maps/place/Sayang+Heulang+Beach/data=!4m7!3m6!1s0x2e661bffffffffff:0x7c0fadc8b72b911b!8m2!3d-7.5012204!4d107.763621!16s%2Fg%2F11gfnc1403!19sChIJ______8bZi4RG5Ert8itD3w?authuser=0&hl=id&rclk=1,success
Pantai Sayang Heulang,Pantai,4.4,"Mancagahar, Kec. Pameungpeuk, Kabupaten Garut, Jawa Barat 44175",2026-07-24T04:22:30.431911Z,https://www.google.com/maps/place/Pantai+Sayang+Heulang/data=!4m7!3m6!1s0x2e661675d01ac171:0x78217cdd3bdc5eac!8m2!3d-7.6677272!4d107.697126!16s%2Fg%2F11c70bdc8f!19sChIJccEa0HUWZi4RrF7cO918IXg?authuser=0&hl=id&rclk=1,success
Curug Darwin,Taman bermain,4.5,"JRMG+G97, Giriawas, Kec. Cikajang, Kabupaten Garut, Jawa Barat 44171",2026-07-24T04:22:32.953320Z,https://www.google.com/maps/place/Curug+Darwin/data=!4m7!3m6!1s0x2e68a75adadf0117:0xb571be26cd1c4c45!8m2!3d-7.3662043!4d107.8259189!16s%2Fg%2F11nfs4x_x3!19sChIJFwHf2lqnaC4RRUwczSa-cbU?authuser=0&hl=id&rclk=1,success
Waterboom Tirta Kencana,Kolam Renang,4.0,"Pananjung, Kec. Tarogong Kaler, Kabupaten Garut, Jawa Barat 44151",2026-07-24T04:22:35.651904Z,https://www.google.com/maps/place/Waterboom+Tirta+Kencana/data=!4m7!3m6!1s0x2e68b1287adccaa7:0x409e32bddd2a0201!8m2!3d-7.178918!4d107.875138!16s%2Fg%2F11f6d7bgjc!19sChIJp8rceiixaC4RAQIq3b0ynkA?authuser=0&hl=id&rclk=1,success
Curung Utang,Tujuan Wisata,5.0,"HMJR+42H, Kp. Kombongan, Pakenjeng, Kec. Pamulihan, Kabupaten Garut, Jawa Barat 44168",2026-07-24T04:22:38.439116Z,https://www.google.com/maps/place/Curung+Utang/data=!4m7!3m6!1s0x2e68a10d7e7d932f:0xb4a8454a681bab87!8m2!3d-7.4196795!4d107.6901012!16s%2Fg%2F11jb6713_p!19sChIJL5N9fg2haC4Rh6sbaEpFqLQ?authuser=0&hl=id&rclk=1,success
PASAR CEPLAK,Pasar Malam,4.5,"Jl. Raya Garut - Cikajang No.33-55, Regol, Kec. Garut Kota, Kabupaten Garut, Jawa Barat 44114",2026-07-24T04:22:41.521911Z,https://www.google.com/maps/place/PASAR+CEPLAK/data=!4m7!3m6!1s0x2e68b1b391d2658b:0xb3a44b8358292ac6!8m2!3d-7.2168558!4d107.9050085!16s%2Fg%2F11gjm5kt4k!19sChIJi2XSkbOxaC4RxiopWINLpLM?authuser=0&hl=id&rclk=1,success
Wisata Tugu cinta,Tujuan Wisata,5.0,"FQQ7+HH4, Margamulya, Kec. Cisompet, Kabupaten Garut, Jawa Barat 44174",2026-07-24T04:22:44.180453Z,https://www.google.com/maps/place/Wisata+Tugu+cinta/data=!4m7!3m6!1s0x2e661ba9486ca15b:0x9fddcdcdb8d80979!8m2!3d-7.5111156!4d107.7639424!16s%2Fg%2F11lccymgrw!19sChIJW6FsSKkbZi4ReQnYuM3N3Z8?authuser=0&hl=id&rclk=1,success
Puncak Pass Rancamaya,Tujuan Wisata,2.3,"QVCH+8WR, Sukabakti, Kec. Tarogong Kidul, Kabupaten Garut, Jawa Barat 44151",2026-07-24T04:22:46.417012Z,https://www.google.com/maps/place/Puncak+Pass+Rancamaya/data=!4m7!3m6!1s0x2e68b19961edc901:0x86f3ae2d97936f1b!8m2!3d-7.229568!4d107.8797505!16s%2Fg%2F11thbz3_g0!19sChIJAcntYZmxaC4RG2-Tly2u84Y?authuser=0&hl=id&rclk=1,success
Edu Wisata Perlebahan Gunung Guntur,Tujuan Wisata,4.7,"Aji, Jl. Letjen Ibrahim Adjie, Pasawahan, Kec. Tarogong Kaler, Kabupaten Garut, Jawa Barat 44151",2026-07-24T04:22:48.453568Z,https://www.google.com/maps/place/Edu+Wisata+Perlebahan+Gunung+Guntur/data=!4m7!3m6!1s0x2e68b7017c4289cd:0xeec5d7636144fd66!8m2!3d-7.1645625!4d107.8796875!16s%2Fg%2F11rxj97r07!19sChIJzYlCfAG3aC4RZv1EYWPXxe4?authuser=0&hl=id&rclk=1,success
Hanjuang Hot Spring by Tirtagangga,Kolam Renang,4.6,"Jl. Raya Cipanas No.151, Rancabango, Kec. Tarogong Kaler, Kabupaten Garut, Jawa Barat 44151",2026-07-24T04:22:50.789304Z,https://www.google.com/maps/place/Hanjuang+Hot+Spring+by+Tirtagangga/data=!4m7!3m6!1s0x2e68b16c9f0175ed:0xed6e580d4da34e58!8m2!3d-7.1781084!4d107.8709119!16s%2Fg%2F11fk1lnh9l!19sChIJ7XUBn2yxaC4RWE6jTQ1Ybu0?authuser=0&hl=id&rclk=1,success
Curug Layung,Wilayah Lintas Alam,4.4,"HQ7F+86, Talagawangi, Kec. Pakenjeng, Kabupaten Garut, Jawa Barat 44164",2026-07-24T04:22:53.317441Z,https://www.google.com/maps/place/Curug+Layung/data=!4m7!3m6!1s0x2e661d55773d7be1:0x5c8bfd6672d0d5fe!8m2!3d-7.4367155!4d107.7731105!16s%2Fg%2F11qbkw7yf4!19sChIJ4Xs9d1UdZi4R_tXQcmb9i1w?authuser=0&hl=id&rclk=1,success
Glamping Villa by Sabda Alam,N/A,4.9,"Jl. Raya Cipanas No.3, Rancabango, Kec. Tarogong Kaler, Kabupaten Garut, Jawa Barat 44151",2026-07-24T04:22:56.013091Z,https://www.google.com/maps/place/Glamping+Villa+by+Sabda+Alam/data=!4m10!3m9!1s0x2e68b13ff208f737:0xc782ec26b1ef4bae!5m2!4m1!1i2!8m2!3d-7.183121!4d107.8731445!16s%2Fg%2F11sdd38m17!19sChIJN_cI8j-xaC4RrkvvsSbsgsc?authuser=0&hl=id&rclk=1,success
Cilopang adventure camp,Tujuan Wisata,4.4,"RV89+JVG, Unnamed Road, Rancabango, Kec. Tarogong Kaler, Kabupaten Garut, Jawa Barat 44151",2026-07-24T04:22:59.256650Z,https://www.google.com/maps/place/Cilopang+adventure+camp/data=!4m7!3m6!1s0x2e68b0a3291db7b7:0x5bcacfc836d51d51!8m2!3d-7.1834295!4d107.8696886!16s%2Fg%2F11g81wbhtq!19sChIJt7cdKaOwaC4RUR3VNsjPyls?authuser=0&hl=id&rclk=1,success
Wisata Desa,Restoran,3.0,"Curug leuwi seeng kp babakan Serut 1, RT.Serut 1/RW.004, Cibiuk Kidul, Kec. Cibiuk, Kabupaten Garut, Jawa Barat 44193",2026-07-24T04:23:01.757094Z,https://www.google.com/maps/place/Wisata+Desa/data=!4m7!3m6!1s0x2e68cb6de4cba8e5:0x3624644249570f4a!8m2!3d-7.0784941!4d107.9739088!16s%2Fg%2F11mtjypk89!19sChIJ5ajL5G3LaC4RSg9XSUJkJDY?authuser=0&hl=id&rclk=1,success
Sumber mata air sirahna,Tujuan Wisata,4.7,"VW99+QH7, Lamping, RT.001/RW.013, Margaluyu, Kec. Leles, Kabupaten Garut, Jawa Barat 44152",2026-07-24T04:23:04.318745Z,https://www.google.com/maps/place/Sumber+mata+air+sirahna/data=!4m7!3m6!1s0x2e68b7eb03dd1323:0x1aaecee76badf23b!8m2!3d-7.1305783!4d107.9189271!16s%2Fg%2F11hyrrzs6y!19sChIJIxPdA-u3aC4RO_Kta-fOrho?authuser=0&hl=id&rclk=1,success
Kampung Sampireun Resort & Spa,N/A,4.5,"Jl. Raya Kamojang No.4, Sukakarya, Kec. Samarang, Kabupaten Garut, Jawa Barat 44151",2026-07-24T04:23:07.330629Z,https://www.google.com/maps/place/Kampung+Sampireun+Resort+%26+Spa/data=!4m7!3m6!1s0x2e68b04669e12af3:0x270b18e7a1943655!8m2!3d-7.2023587!4d107.8163618!16s%2Fg%2F1pzry7stj!19sChIJ8yrhaUawaC4RVTaUoecYCyc?authuser=0&hl=id&rclk=1,success
Wisata Situ Bagendit 1 (Satu),Tujuan Wisata,4.3,"Jl. H. Hasan Arif, Sukamukti, Kec. Banyuresmi, Kabupaten Garut, Jawa Barat 44191",2026-07-24T04:23:09.384839Z,https://www.google.com/maps/place/Wisata+Situ+Bagendit+1+%28Satu%29/data=!4m7!3m6!1s0x2e68b77bd24cefa1:0xf4b2c0cadcdf33c1!8m2!3d-7.1598419!4d107.9510039!16s%2Fg%2F11s7xhh2qt!19sChIJoe9M0nu3aC4RwTPf3MrAsvQ?authuser=0&hl=id&rclk=1,success
Curug Palasari,Area Mendaki,5.0,"FPQ6+Q5M, Karangsari, Kec. Cikelet, Kabupaten Garut, Jawa Barat 44177",2026-07-24T04:23:11.457107Z,https://www.google.com/maps/place/Curug+Palasari/data=!4m7!3m6!1s0x2e6619fad2fc2eb7:0xe60f10cc620ac351!8m2!3d-7.5105408!4d107.710425!16s%2Fg%2F11rbyx5vng!19sChIJty780voZZi4RUcMKYswQD-Y?authuser=0&hl=id&rclk=1,success
Pantai Cibuhung,Hotel Resor,4.5,"CHR7+5R2, Cijayana, Kec. Mekarmukti, Kabupaten Garut, Jawa Barat 44165",2026-07-24T04:23:13.134711Z,https://www.google.com/maps/place/Pantai+Cibuhung/data=!4m7!3m6!1s0x2e6624851064a0e7:0xbac5e0d60f5beb1a!8m2!3d-7.5596152!4d107.5645182!16s%2Fg%2F11f329gck3!19sChIJ56BkEIUkZi4RGutbD9bgxbo?authuser=0&hl=id&rclk=1,success
Air panas muara talaga,Tujuan Wisata,4.5,"JF7G+R7, RW.kiaragoong, Cisewu, Kec. Cisewu, Kabupaten Garut, Jawa Barat 44166",2026-07-24T04:23:15.693299Z,https://www.google.com/maps/place/Air+panas+muara+talaga/data=!4m7!3m6!1s0x2e68835765b5ae2f:0xffeb92cf9ec70ebe!8m2!3d-7.3854375!4d107.4756875!16s%2Fg%2F11l5dz_9z3!19sChIJL661ZVeDaC4Rvg7Hns-S6_8?authuser=0&hl=id&rclk=1,success
Pantai Cicula BW,Pondok,4.4,"FG5C+GC2, Karangwangi, Kec. Mekarmukti, Kabupaten Garut, Jawa Barat 44165",2026-07-24T04:23:17.717789Z,https://www.google.com/maps/place/Pantai+Cicula+BW/data=!4m7!3m6!1s0x2e66250d634a6ce5:0xbe30adc56d36840e!8m2!3d-7.5412373!4d107.521019!16s%2Fg%2F11h8mqm3kg!19sChIJ5WxKYw0lZi4RDoQ2bcWtML4?authuser=0&hl=id&rclk=1,success
Wahangan Cigemong,Tujuan Wisata,,"HP5C+8V, Talagawangi, Kec. Pakenjeng, Kabupaten Garut, Jawa Barat 44164",2026-07-24T04:23:19.700050Z,https://www.google.com/maps/place/Wahangan+Cigemong/data=!4m7!3m6!1s0x2e661f001edcdb65:0x8a23d1d6765422a!8m2!3d-7.4416475!4d107.7221868!16s%2Fg%2F11yjbcskdx!19sChIJZdvcHgAfZi4RKkJlZx09ogg?authuser=0&hl=id&rclk=1,success
Rancabuaya Beach,Tujuan Wisata,4.6,"FFCH+V5C, Purbayani, Kec. Caringin, Kabupaten Garut, Jawa Barat 44166",2026-07-24T04:23:22.052555Z,https://www.google.com/maps/place/Rancabuaya+Beach/data=!4m7!3m6!1s0x2e662fe251b0e1ff:0x8a884bf747995988!8m2!3d-7.5278033!4d107.4778962!16s%2Fg%2F11ng2hc6z5!19sChIJ_-GwUeIvZi4RiFmZR_dLiIo?authuser=0&hl=id&rclk=1,success
Pantai Muara Kerinduan,Tujuan Wisata,4.3,"FCVM+JM8, Cimahi, Kec. Caringin, Kabupaten Garut, Jawa Barat 44166",2026-07-24T04:23:24.969615Z,https://www.google.com/maps/place/Pantai+Muara+Kerinduan/data=!4m7!3m6!1s0x2e6629fca790e8b5:0x34449a63b98d7268!8m2!3d-7.5059643!4d107.4342024!16s%2Fg%2F11g0tkqjx7!19sChIJteiQp_wpZi4RaHKNuWOaRDQ?authuser=0&hl=id&rclk=1,success
Tugu Simpang Lima,Taman,4.6,"Jl. Pembangunan No.250, Sukagalih, Kec. Tarogong Kidul, Kabupaten Garut, Jawa Barat 44151",2026-07-24T04:23:27.211101Z,https://www.google.com/maps/place/Tugu+Simpang+Lima/data=!4m7!3m6!1s0x2e68b0f3e049e701:0x9ce0ff553d89ff57!8m2!3d-7.1998187!4d107.8878994!16s%2Fg%2F11dfgvxvk7!19sChIJAedJ4POwaC4RV_-JPVX_4Jw?authuser=0&hl=id&rclk=1,success
Sate Maranggi Pa' Nur,Restoran Indonesia,4.4,"Jl. Letjen Ibrahim Adjie, Sirnajaya, Kec. Tarogong Kaler, Kabupaten Garut, Jawa Barat 44151",2026-07-24T04:23:28.925168Z,https://www.google.com/maps/place/Sate+Maranggi+Pa%27+Nur/data=!4m7!3m6!1s0x2e68b08dd64a71cb:0x5e3abef3e3ff71d1!8m2!3d-7.1970867!4d107.8746677!16s%2Fg%2F1pzrh3ryd!19sChIJy3FK1o2waC4R0XH_4_O-Ol4?authuser=0&hl=id&rclk=1,success
Paket wisata Candi Cangkuang dan tempat wisata garut lainnya!,Tujuan Wisata,4.6,"Kp.ciakar kidul rt 03, RT.11/RW.11, Cangkuang, Kec. Leles, Kabupaten Garut, Jawa Barat 44152",2026-07-24T04:23:31.074525Z,https://www.google.com/maps/place/Paket+wisata+Candi+Cangkuang+dan+tempat+wisata+garut+lainnya!/data=!4m7!3m6!1s0x2e68b723eb352943:0xa7fb040cd54395b9!8m2!3d-7.1065075!4d107.9217024!16s%2Fg%2F11fkqjkw5f!19sChIJQyk16yO3aC4RuZVD1QwE-6c?authuser=0&hl=id&rclk=1,success
Cipanas garut,Pemandian air panas,4.8,"RV9G+FM4, Jl. Raya Cipanas, Rancabango, Kec. Tarogong Kaler, Kabupaten Garut, Jawa Barat 44151",2026-07-24T04:23:33.140072Z,https://www.google.com/maps/place/Cipanas+garut/data=!4m7!3m6!1s0x2e68b1eea4ae4519:0xb00260de0799503f!8m2!3d-7.1813729!4d107.8767026!16s%2Fg%2F11rq4h333y!19sChIJGUWupO6xaC4RP1CZB95gArA?authuser=0&hl=id&rclk=1,success
Asep Stroberi Kadungora,Restoran Sunda,4.4,"Jalan Raya Kadungora.245 Talagasari Leles, Talagasari, Kec. Kadungora, Kabupaten Garut, Jawa Barat 44153",2026-07-24T04:23:35.906521Z,https://www.google.com/maps/place/Asep+Stroberi+Kadungora/data=!4m7!3m6!1s0x2e68b7d192fb21a5:0xce766c4c15367d48!8m2!3d-7.0907724!4d107.8989646!16s%2Fg%2F1hm3xpw14!19sChIJpSH7ktG3aC4RSH02FUxsds4?authuser=0&hl=id&rclk=1,success
Curug Arjuna,Tujuan Wisata,4.7,"JMFM+QHJ, Panawa, Kec. Pamulihan, Kabupaten Garut, Jawa Barat 44168",2026-07-24T04:23:37.891195Z,https://www.google.com/maps/place/Curug+Arjuna/data=!4m7!3m6!1s0x2e68a1daa477cf51:0xf6582fe0c65c151e!8m2!3d-7.3755387!4d107.6838798!16s%2Fg%2F11g9g25g_h!19sChIJUc93pNqhaC4RHhVcxuAvWPY?authuser=0&hl=id&rclk=1,success
wisata sungai batu beulah,Tujuan Wisata,5.0,"FQRG+5C5, Margamulya, Kec. Cisompet, Kabupaten Garut, Jawa Barat 44174",2026-07-24T04:23:40.242185Z,https://www.google.com/maps/place/wisata+sungai+batu+beulah/data=!4m7!3m6!1s0x2e661b0013073a93:0x9e7f3b16031f1ebe!8m2!3d-7.5096127!4d107.7761139!16s%2Fg%2F11vyvpf8rg!19sChIJkzoHEwAbZi4Rvh4fAxY7f54?authuser=0&hl=id&rclk=1,success
Lewi bengkok,Tujuan Wisata,,"GPRW+RPJ, Talagawangi, Kec. Pakenjeng, Kabupaten Garut, Jawa Barat 44164",2026-07-24T04:23:42.369337Z,https://www.google.com/maps/place/Lewi+bengkok/data=!4m7!3m6!1s0x2e661f005a7eb5e3:0xe5a72408f88c509f!8m2!3d-7.4579147!4d107.7467733!16s%2Fg%2F11lz1rt22p!19sChIJ47V-WgAfZi4Rn1CM-Agkp-U?authuser=0&hl=id&rclk=1,success
Kampung Sampireun Resort & Spa,N/A,4.5,"Jl. Raya Kamojang No.4, Sukakarya, Kec. Samarang, Kabupaten Garut, Jawa Barat 44151",2026-07-24T04:23:45.521346Z,https://www.google.com/maps/place/Kampung+Sampireun+Resort+%26+Spa/data=!4m10!3m9!1s0x2e68b04669e12af3:0x270b18e7a1943655!5m2!4m1!1i2!8m2!3d-7.2023587!4d107.8163618!16s%2Fg%2F1pzry7stj!19sChIJ8yrhaUawaC4RVTaUoecYCyc?authuser=0&hl=id&rclk=1,success
Desa wisata,Pusat Informasi Pariwisata,5.0,"QW56+746, Kp.Cimaragas, Ngamplangsari, Kec. Cilawu, Kabupaten Garut, Jawa Barat 44181",2026-07-24T04:23:48.269029Z,https://www.google.com/maps/place/Desa+wisata/data=!4m7!3m6!1s0x2e68b19420b318a3:0xbc966afbbdd47381!8m2!3d-7.2418425!4d107.9102743!16s%2Fg%2F11sgcr9rb4!19sChIJoxizIJSxaC4RgXPUvftqlrw?authuser=0&hl=id&rclk=1,success
Pantai Cikolomberan Sancang,Tempat Acara Memancing,4.9,"7R7V+V79, Sancang, Kec. Cibalong, Kabupaten Garut, Jawa Barat",2026-07-24T04:23:50.268930Z,https://www.google.com/maps/place/Pantai+Cikolomberan+Sancang/data=!4m7!3m6!1s0x2e6613230cb70ecf:0x5a227684cb4a1ce1!8m2!3d-7.7353485!4d107.8432456!16s%2Fg%2F11fst1hwn9!19sChIJzw63DCMTZi4R4RxKy4R2Ilo?authuser=0&hl=id&rclk=1,success
LEUWI BEDOG,Tujuan Wisata,3.0,"FQ45+PW, Margamulya, Kec. Cisompet, Kabupaten Garut, Jawa Barat 44174",2026-07-24T04:23:52.972105Z,https://www.google.com/maps/place/LEUWI+BEDOG/data=!4m7!3m6!1s0x2e6619c595a5fd41:0x1d89d09a6e724bb8!8m2!3d-7.5431942!4d107.7597558!16s%2Fg%2F11kq5r0952!19sChIJQf2llcUZZi4RuEtybprQiR0?authuser=0&hl=id&rclk=1,success
Curug Uci,Tujuan Wisata,4.5,"Girimukti, Kec. Cisewu, Kabupaten Garut, Jawa Barat 44166",2026-07-24T04:23:56.093907Z,https://www.google.com/maps/place/Curug+Uci/data=!4m7!3m6!1s0x2e689b9c6fe48975:0xf3cf9230e9f51503!8m2!3d-7.3309746!4d107.5319972!16s%2Fg%2F11dxkwrrcc!19sChIJdYnkb5ybaC4RAxX16TCSz_M?authuser=0&hl=id&rclk=1,success
Pemandian air panas,Tujuan Wisata,4.7,"Unnamed Road, Nyalindung, Kec. Cisewu, Kabupaten Garut, Jawa Barat 44166",2026-07-24T04:23:58.876217Z,https://www.google.com/maps/place/Pemandian+air+panas/data=!4m7!3m6!1s0x2e689b4a21959d0b:0xc884151661a4ac15!8m2!3d-7.3199509!4d107.4968916!16s%2Fg%2F11rs_4b4z3!19sChIJC52VIUqbaC4RFaykYRYVhMg?authuser=0&hl=id&rclk=1,success
Curug Dengdeng,Cagar Alam,4.7,"FQXJ+HR3, Margamulya, Kec. Cisompet, Kabupaten Garut, Jawa Barat 44174",2026-07-24T04:24:01.598587Z,https://www.google.com/maps/place/Curug+Dengdeng/data=!4m7!3m6!1s0x2e661bc9d2c625e5:0xd61859f1a4c4641e!8m2!3d-7.5011031!4d107.7820416!16s%2Fg%2F11h4x0kk7g!19sChIJ5SXG0skbZi4RHmTEpPFZGNY?authuser=0&hl=id&rclk=1,success
Pantai cijeruk,Tujuan Wisata,4.5,"7RVP+QM7, Muara Sungai Cibabalukan, Unnamed Road, Sagara, Kec. Cibalong, Kabupaten Garut, Jawa Barat 44176",2026-07-24T04:24:04.029558Z,https://www.google.com/maps/place/Pantai+cijeruk/data=!4m7!3m6!1s0x2e66139f068cc947:0x895138b8f73074f4!8m2!3d-7.70558!4d107.8366578!16s%2Fg%2F11n8qv0p6s!19sChIJR8mMBp8TZi4R9HQw97g4UYk?authuser=0&hl=id&rclk=1,success
CURUG GARUT PASIR,Tujuan Wisata,5.0,"XCP9+GJ6, Ranca Senggang, Kec. Sindangkerta, Kabupaten Bandung Barat, Jawa Barat 40563",2026-07-24T04:24:06.581854Z,https://www.google.com/maps/place/CURUG+GARUT+PASIR/data=!4m7!3m6!1s0x2e68f172c2628c77:0xf9f5f95e250a1074!8m2!3d-7.0137145!4d107.4190247!16s%2Fg%2F11k6ns6lmr!19sChIJd4xiwnLxaC4RdBAKJV759fk?authuser=0&hl=id&rclk=1,success
Ramenkane Cikuray Garut,Restoran Mie,4.9,"Jl. Cikuray No.38, Regol, Kec. Garut Kota, Kabupaten Garut, Jawa Barat 44114",2026-07-24T04:24:08.644335Z,https://www.google.com/maps/place/Ramenkane+Cikuray+Garut/data=!4m7!3m6!1s0x2e68b10030f91e7f:0x15cd55ffb85473f4!8m2!3d-7.2178367!4d107.9045807!16s%2Fg%2F11m6jy6d9b!19sChIJfx75MACxaC4R9HNUuP9VzRU?authuser=0&hl=id&rclk=1,success
Sodong Poek,Tujuan Wisata,3.3,"FRGM+H57, Neglasari, Kec. Cisompet, Kabupaten Garut, Jawa Barat 44174",2026-07-24T04:24:11.840246Z,https://www.google.com/maps/place/Sodong+Poek/data=!4m7!3m6!1s0x2e661b127be8d633:0xdd41c14994e75a21!8m2!3d-7.5235986!4d107.8329198!16s%2Fg%2F11rq8w669j!19sChIJM9boexIbZi4RIVrnlEnBQd0?authuser=0&hl=id&rclk=1,success
Wana Wisata Mandalagiri,Tujuan Wisata,4.4,"JQF6+7QX, Cikandang, Kec. Cikajang, Kabupaten Garut, Jawa Barat 44171",2026-07-24T04:24:14.419390Z,https://www.google.com/maps/place/Wana+Wisata+Mandalagiri/data=!4m7!3m6!1s0x2e68a1eb07d82b53:0xfc8c3baffa8ed9f5!8m2!3d-7.376774!4d107.7619757!16s%2Fg%2F11srx85x1d!19sChIJUyvYB-uhaC4R9dmO-q87jPw?authuser=0&hl=id&rclk=1,success
Baso Aci Ceu Imas,Restoran Bakso,4.5,"Jl. Karacak No.49, Kota Kulon, Kec. Garut Kota, Kabupaten Garut, Jawa Barat 44112",2026-07-24T04:24:16.819233Z,https://www.google.com/maps/place/Baso+Aci+Ceu+Imas/data=!4m7!3m6!1s0x2e68b12ae37ba04f:0xb72852ad15293e4d!8m2!3d-7.2216618!4d107.9094419!16s%2Fg%2F11fjsy69vd!19sChIJT6B74yqxaC4RTT4pFa1SKLc?authuser=0&hl=id&rclk=1,success
Sudradjat farm,Tujuan Wisata,,"CPPR+G7, Panyindangan, Kec. Cisompet, Kabupaten Garut, Jawa Barat 44174",2026-07-24T04:24:19.083403Z,https://www.google.com/maps/place/Sudradjat+farm/data=!4m7!3m6!1s0x2e6619005df43979:0x8e4bdaed273e29fd!8m2!3d-7.56372!4d107.740682!16s%2Fg%2F11z9j2zbvc!19sChIJeTn0XQAZZi4R_Sk-J-3aS44?authuser=0&hl=id&rclk=1,success
Nusa Kalapa,Taman,4.4,"RWQQ+28P, Sukamukti, Banyuresmi, Sukamukti, Garut, Kabupaten Garut, Jawa Barat 44191",2026-07-24T04:24:21.815852Z,https://www.google.com/maps/place/Nusa+Kalapa/data=!4m7!3m6!1s0x2e68b6b329c2ec8f:0x122dadf52f808a32!8m2!3d-7.1624232!4d107.9383158!16s%2Fg%2F11clvz97l8!19sChIJj-zCKbO2aC4RMoqAL_WtLRI?authuser=0&hl=id&rclk=1,success
SBR 3 Pusat Oleh-oleh Garut,Toko Makanan,4.5,"Tanjung Kubang, Jl. Otista No.8, Tarogong, Kec. Tarogong Kaler, Kabupaten Garut, Jawa Barat 44151",2026-07-24T04:24:24.387132Z,https://www.google.com/maps/place/SBR+3+Pusat+Oleh-oleh+Garut/data=!4m7!3m6!1s0x2e68b0d21beed447:0x62014bc45c512151!8m2!3d-7.1621939!4d107.8979861!16s%2Fg%2F11bw469jx4!19sChIJR9TuG9KwaC4RUSFRXMRLAWI?authuser=0&hl=id&rclk=1,success
Reverdose,Restoran,4.6,"Jl. Ahmad Yani No.10, Paminggir, Kec. Garut Kota, Kabupaten Garut, Jawa Barat 44117",2026-07-24T04:24:26.734050Z,https://www.google.com/maps/place/Reverdose/data=!4m7!3m6!1s0x2e68b05225427043:0xed79dd8cff4e4365!8m2!3d-7.2159399!4d107.8997192!16s%2Fg%2F11c1q70tbx!19sChIJQ3BCJVKwaC4RZUNO_4zdee0?authuser=0&hl=id&rclk=1,success
Pantai cicalobak,Tujuan Wisata,4.6,"FG3J+P8W, Karangwangi, Kec. Mekarmukti, Kabupaten Garut, Jawa Barat 44165",2026-07-24T04:24:29.345887Z,https://www.google.com/maps/place/Pantai+cicalobak/data=!4m7!3m6!1s0x2e662599ce6840ab:0xced92972e5cf64ce!8m2!3d-7.5459705!4d107.5307416!16s%2Fg%2F11v3h7dcxb!19sChIJq0BozpklZi4RzmTP5XIp2c4?authuser=0&hl=id&rclk=1,success
NAZUMI JAPANESE,Restoran,4.6,"Jl. Cimanuk No.309, Sukagalih, Kec. Tarogong Kidul, Kabupaten Garut, Jawa Barat 44151",2026-07-24T04:24:31.994411Z,https://www.google.com/maps/place/NAZUMI+JAPANESE/data=!4m7!3m6!1s0x2e68b111e5e9d5a5:0x30a73fa5e37c5374!8m2!3d-7.20282!4d107.8898963!16s%2Fg%2F11g4bhfd1d!19sChIJpdXp5RGxaC4RdFN846U_pzA?authuser=0&hl=id&rclk=1,success
Alun-Alun Tarogong,Taman Kota,4.6,"Jl. Otista, Sukagalih, Kec. Garut Kota, Kabupaten Garut, Jawa Barat 44151",2026-07-24T04:24:34.770758Z,https://www.google.com/maps/place/Alun-Alun+Tarogong/data=!4m7!3m6!1s0x2e68b13f336d589d:0x209524859ebd3760!8m2!3d-7.1902308!4d107.8899415!16s%2Fg%2F11h22cdpy9!19sChIJnVhtMz-xaC4RYDe9noUklSA?authuser=0&hl=id&rclk=1,success
Terasering barugantung,Tujuan Wisata,4.8,"Baru gantung, Sukamanah, Kec. Bayongbong, Kabupaten Garut, Jawa Barat 44162",2026-07-24T04:24:37.433107Z,https://www.google.com/maps/place/Terasering+barugantung/data=!4m7!3m6!1s0x2e68a5a655aac34f:0x17b76d40aca1253f!8m2!3d-7.280104!4d107.8528754!16s%2Fg%2F11k4ppvdjx!19sChIJT8OqVaalaC4RPyWhrEBttxc?authuser=0&hl=id&rclk=1,success
Botram Garut,Rumah Makan,4.6,"Jl. Otista Gg. Tanjung, Kubang, Kec. Tarogong Kaler, Kabupaten Garut, Jawa Barat 44161",2026-07-24T04:24:39.637527Z,https://www.google.com/maps/place/Botram+Garut/data=!4m7!3m6!1s0x2e68b7c518260aed:0xf0714cd0fdb06fa4!8m2!3d-7.162052!4d107.8980141!16s%2Fg%2F11t6ft6f_f!19sChIJ7QomGMW3aC4RpG-w_dBMcfA?authuser=0&hl=id&rclk=1,success
Pemandian Air Panas,Taman bermain,4.9,"Jl Pamubusan No.1, Cibiuk Kaler, Kec. Cibiuk, Kabupaten Garut, Jawa Barat 44193",2026-07-24T04:24:42.629727Z,https://www.google.com/maps/place/Pemandian+Air+Panas/data=!4m7!3m6!1s0x2e68cb0075ca071d:0xfdee398be98e55b6!8m2!3d-7.0564332!4d107.9735118!16s%2Fg%2F11vz18sqz1!19sChIJHQfKdQDLaC4RtlWO6Ys57v0?authuser=0&hl=id&rclk=1,success
Pantai Cimerak,Tujuan Wisata,5.0,"8R58+3CR, Jl. Raya, Sagara, Kec. Cibalong, Kabupaten Garut, Jawa Barat",2026-07-24T04:24:45.252382Z,https://www.google.com/maps/place/Pantai+Cimerak/data=!4m7!3m6!1s0x2e661390dfa1d64d:0xa456ac70f070be21!8m2!3d-7.6922503!4d107.8160024!16s%2Fg%2F11nn28qlm8!19sChIJTdah35ATZi4RIb5w8HCsVqQ?authuser=0&hl=id&rclk=1,success
Pemandian Air Panas Cipanas Desa Mekarmukti,Tujuan Wisata,4.5,"MFW5+97P, Mekarmukti, Kec. Talegong, Kabupaten Garut, Jawa Barat 43275",2026-07-24T04:24:48.083560Z,https://www.google.com/maps/place/Pemandian+Air+Panas+Cipanas+Desa+Mekarmukti/data=!4m7!3m6!1s0x2e6885e8bc9a0105:0xde3f8c5cfa59d771!8m2!3d-7.3040412!4d107.4582135!16s%2Fg%2F11r353ll30!19sChIJBQGavOiFaC4RcddZ-lyMP94?authuser=0&hl=id&rclk=1,success
Sasakala,Kedai Sarapan & Makan Siang,4.3,"Jl. Raya Samarang Kamojang KM, 35, RW.Kamojang, Samarang, Kec. Samarang, Kabupaten Garut, Jawa Barat 44161",2026-07-24T04:24:51.111216Z,https://www.google.com/maps/place/Sasakala/data=!4m7!3m6!1s0x2e68bb4eff1836b1:0x658baecb8db4de8e!8m2!3d-7.2180983!4d107.8361967!16s%2Fg%2F11jzjpmk4c!19sChIJsTYY_067aC4Rjt60jcuui2U?authuser=0&hl=id&rclk=1,success
kp cijagra,Tujuan Wisata,,"GR4H+MGC, Mekarwangi, Kec. Cihurip, Kabupaten Garut, Jawa Barat 44173",2026-07-24T04:24:54.113273Z,https://www.google.com/maps/place/kp+cijagra/data=!4m7!3m6!1s0x2e661d0029ab1b89:0x3a2810a821731e0d!8m2!3d-7.4933246!4d107.8287691!16s%2Fg%2F11x8g9bfyk!19sChIJiRurKQAdZi4RDR5zIagQKDo?authuser=0&hl=id&rclk=1,success
BALONG WAMAIL,Tujuan Wisata,,"Palatar, Karangsari, Kec. Cikelet, Kabupaten Garut, Jawa Barat 44177",2026-07-24T04:24:56.569171Z,https://www.google.com/maps/place/BALONG+WAMAIL/data=!4m7!3m6!1s0x2e66190009e32ccf:0xc231c921a11d8da9!8m2!3d-7.5366808!4d107.7034815!16s%2Fg%2F11vrvt5h0t!19sChIJzyzjCQAZZi4RqY0doSHJMcI?authuser=0&hl=id&rclk=1,success
Pantai Cieurih,Pantai,4.3,"Cikelet, Kec. Cikelet, Kabupaten Garut, Jawa Barat 44177",2026-07-24T04:24:58.875790Z,https://www.google.com/maps/place/Pantai+Cieurih/data=!4m7!3m6!1s0x2e6617d2ef8b73c9:0x7914f57085f4c0df!8m2!3d-7.6283561!4d107.6759995!16s%2Fg%2F11fzf7pjxv!19sChIJyXOL79IXZi4R38D0hXD1FHk?authuser=0&hl=id&rclk=1,success
Sate Matuh,Restoran Sate,4.5,"Jl. Cimanuk No.229, Paminggir, Kec. Garut Kota, Kabupaten Garut, Jawa Barat 44118",2026-07-24T04:25:01.447270Z,https://www.google.com/maps/place/Sate+Matuh/data=!4m7!3m6!1s0x2e68b05167725351:0x6f0b126e9f83cba3!8m2!3d-7.2121653!4d107.8992609!16s%2Fg%2F1hm2py004!19sChIJUVNyZ1GwaC4Ro8uDn24SC28?authuser=0&hl=id&rclk=1,success
Wisata kuliner FAMILY,Toko Makanan,5.0,"QWJM+VWG, Jl. Cireundeu, Tanjungsari, Kec. Karangpawitan, Kabupaten Garut, Jawa Barat 44182",2026-07-24T04:25:03.627925Z,https://www.google.com/maps/place/Wisata+kuliner+FAMILY/data=!4m7!3m6!1s0x2e68b13109deb43d:0xd9917dfa6cd27622!8m2!3d-7.2179597!4d107.9349858!16s%2Fg%2F11v0j5ybn0!19sChIJPbTeCTGxaC4RInbSbPp9kdk?authuser=0&hl=id&rclk=1,success
SITU SARKANJUT,Tujuan Wisata,4.5,"VWRQ+PVH, Tambaksari, Kec. Leuwigoong, Kabupaten Garut, Jawa Barat 44192",2026-07-24T04:25:05.680960Z,https://www.google.com/maps/place/SITU+SARKANJUT/data=!4m7!3m6!1s0x2e68b78fb03b1e47:0xc3bd9a75a6fa4b90!8m2!3d-7.1081899!4d107.9397315!16s%2Fg%2F11s0sv4tb5!19sChIJRx47sI-3aC4RkEv6pnWavcM?authuser=0&hl=id&rclk=1,success
Kampung Sumber Alam Garut,N/A,4.5,"Jl. Raya Cipanas No.122, Pananjung, Kec. Tarogong Kaler, Kabupaten Garut, Jawa Barat 44151",2026-07-24T04:25:08.018251Z,https://www.google.com/maps/place/Kampung+Sumber+Alam+Garut/data=!4m10!3m9!1s0x2e68b0bb04ab851f:0x1ad88464828f0ab4!5m2!4m1!1i2!8m2!3d-7.178491!4d107.8726747!16s%2Fg%2F12hk1_whs!19sChIJH4WrBLuwaC4RtAqPgmSE2Bo?authuser=0&hl=id&rclk=1,success
